ISO-10303-21;
HEADER;
FILE_DESCRIPTION (( 'STEP AP203' ),
    '1' );
FILE_NAME ('HBLUD5.step',
    '2026-05-27T07:48:44',
    ( 'EC2' ),
    ( 'Amazon.com' ),
    'SwSTEP 2.0',
    'SolidWorks 2016',
    '' );
FILE_SCHEMA (( 'CONFIG_CONTROL_DESIGN' ));
ENDSEC;

DATA;
#1 = AXIS2_PLACEMENT_3D ( 'NONE', #1380, #500, #1133 ) ;
#2 = PLANE ( 'NONE',  #217 ) ;
#3 = CARTESIAN_POINT ( 'NONE',  ( 17.00000000000000000, 9.292893218813445000, 30.70710678118653900 ) ) ;
#4 = CC_DESIGN_PERSON_AND_ORGANIZATION_ASSIGNMENT ( #1121, #1511, ( #803 ) ) ;
#5 = CARTESIAN_POINT ( 'NONE',  ( -16.90896005524226500, 14.32999203080000900, 12.61181395073891700 ) ) ;
#6 = APPROVAL_DATE_TIME ( #155, #1039 ) ;
#7 = CIRCLE ( 'NONE', #346, 0.9999999999999991100 ) ;
#8 = DIRECTION ( 'NONE',  ( 0.0000000000000000000, -6.802837160693362900E-017, -1.000000000000000000 ) ) ;
#9 = DIRECTION ( 'NONE',  ( 0.0000000000000000000, 0.0000000000000000000, -1.000000000000000000 ) ) ;
#10 = ORIENTED_EDGE ( 'NONE', *, *, #524, .T. ) ;
#11 = CARTESIAN_POINT ( 'NONE',  ( -17.00000000000000000, 8.999999999999991100, 49.99999999999997900 ) ) ;
#12 = EDGE_CURVE ( 'NONE', #1616, #54, #1500, .T. ) ;
#13 = ORIENTED_EDGE ( 'NONE', *, *, #1017, .F. ) ;
#14 = ORIENTED_EDGE ( 'NONE', *, *, #702, .F. ) ;
#15 = CC_DESIGN_DATE_AND_TIME_ASSIGNMENT ( #510, #505, ( #1554 ) ) ;
#16 = DIRECTION ( 'NONE',  ( 0.0000000000000000000, 0.0000000000000000000, 1.000000000000000000 ) ) ;
#17 = ORIENTED_EDGE ( 'NONE', *, *, #921, .F. ) ;
#18 = VERTEX_POINT ( 'NONE', #1255 ) ;
#19 = DIRECTION ( 'NONE',  ( -1.000000000000000000, -0.0000000000000000000, 0.0000000000000000000 ) ) ;
#20 = DIRECTION ( 'NONE',  ( 0.0000000000000000000, 0.0000000000000000000, 1.000000000000000000 ) ) ;
#21 = EDGE_CURVE ( 'NONE', #284, #1393, #1281, .T. ) ;
#22 = AXIS2_PLACEMENT_3D ( 'NONE', #1110, #743, #720 ) ;
#23 = DATE_AND_TIME ( #195, #1568 ) ;
#24 = CARTESIAN_POINT ( 'NONE',  ( 17.00100000000000100, 6.000000000000007100, 11.99999999999999600 ) ) ;
#25 = CARTESIAN_POINT ( 'NONE',  ( 16.61632454016855900, 12.27174274601925700, 14.09946665003834800 ) ) ;
#26 = VECTOR ( 'NONE', #69, 1000.000000000000000 ) ;
#27 = LINE ( 'NONE', #1491, #1106 ) ;
#28 = CIRCLE ( 'NONE', #386, 2.500000000000000400 ) ;
#29 = VERTEX_POINT ( 'NONE', #254 ) ;
#30 = DIRECTION ( 'NONE',  ( -1.000000000000000000, 0.0000000000000000000, 0.0000000000000000000 ) ) ;
#31 = ORIENTED_EDGE ( 'NONE', *, *, #1187, .F. ) ;
#32 = DIRECTION ( 'NONE',  ( -1.000000000000000000, 0.0000000000000000000, 0.0000000000000000000 ) ) ;
#33 = AXIS2_PLACEMENT_3D ( 'NONE', #175, #1547, #809 ) ;
#34 = ORIENTED_EDGE ( 'NONE', *, *, #1589, .T. ) ;
#35 = ORIENTED_EDGE ( 'NONE', *, *, #1422, .T. ) ;
#36 = ORIENTED_EDGE ( 'NONE', *, *, #583, .F. ) ;
#37 = PRODUCT_DEFINITION_SHAPE ( 'NONE', 'NONE',  #1623 ) ;
#38 = CARTESIAN_POINT ( 'NONE',  ( 17.00000000000000000, 14.41550072413439300, 12.64448138197020000 ) ) ;
#39 = EDGE_CURVE ( 'NONE', #1520, #438, #1595, .T. ) ;
#40 = AXIS2_PLACEMENT_3D ( 'NONE', #949, #448, #941 ) ;
#41 = LINE ( 'NONE', #1021, #1574 ) ;
#42 = DIRECTION ( 'NONE',  ( -1.000000000000000000, -0.0000000000000000000, 0.0000000000000000000 ) ) ;
#43 = DIRECTION ( 'NONE',  ( 0.0000000000000000000, 0.0000000000000000000, 1.000000000000000000 ) ) ;
#44 = ORIENTED_EDGE ( 'NONE', *, *, #892, .T. ) ;
#45 = LINE ( 'NONE', #1128, #1302 ) ;
#46 = EDGE_LOOP ( 'NONE', ( #598, #150, #1215, #1050 ) ) ;
#47 = EDGE_CURVE ( 'NONE', #442, #418, #557, .T. ) ;
#48 = DIRECTION ( 'NONE',  ( 1.000000000000000000, -0.0000000000000000000, -0.0000000000000000000 ) ) ;
#49 = VERTEX_POINT ( 'NONE', #999 ) ;
#50 = CARTESIAN_POINT ( 'NONE',  ( 16.82360598422353300, 14.25757416118494100, 12.55029631520362300 ) ) ;
#51 = DIRECTION ( 'NONE',  ( -1.000000000000000000, -0.0000000000000000000, 0.0000000000000000000 ) ) ;
#52 = ORIENTED_EDGE ( 'NONE', *, *, #132, .F. ) ;
#53 = AXIS2_PLACEMENT_3D ( 'NONE', #1167, #162, #1290 ) ;
#54 = VERTEX_POINT ( 'NONE', #1503 ) ;
#55 = VERTEX_POINT ( 'NONE', #619 ) ;
#56 = CARTESIAN_POINT ( 'NONE',  ( 17.00000000000000000, 11.99999999999999800, 12.00000000000000000 ) ) ;
#57 = DIRECTION ( 'NONE',  ( 1.000000000000000000, -0.0000000000000000000, -0.0000000000000000000 ) ) ;
#58 = DIRECTION ( 'NONE',  ( 0.0000000000000000000, -0.9659258262890694200, -0.2588190451025166900 ) ) ;
#59 = ADVANCED_FACE ( 'NONE', ( #280 ), #315, .T. ) ;
#60 = AXIS2_PLACEMENT_3D ( 'NONE', #900, #151, #142 ) ;
#61 = COORDINATED_UNIVERSAL_TIME_OFFSET ( 9, 0, .AHEAD. ) ;
#62 = CARTESIAN_POINT ( 'NONE',  ( 17.00100000000000100, 12.00000000000000200, 7.025062814466897600 ) ) ;
#63 = FACE_OUTER_BOUND ( 'NONE', #1601, .T. ) ;
#64 = FACE_OUTER_BOUND ( 'NONE', #301, .T. ) ;
#65 = CIRCLE ( 'NONE', #33, 1.000000000000000000 ) ;
#66 = CARTESIAN_POINT ( 'NONE',  ( -16.60000000000000100, 14.09065662210278800, 12.20834238496804100 ) ) ;
#67 = VECTOR ( 'NONE', #1027, 1000.000000000000000 ) ;
#68 = ORIENTED_EDGE ( 'NONE', *, *, #430, .T. ) ;
#69 = DIRECTION ( 'NONE',  ( -1.000000000000000000, -0.0000000000000000000, -0.0000000000000000000 ) ) ;
#70 = ORIENTED_EDGE ( 'NONE', *, *, #772, .T. ) ;
#71 = ORIENTED_EDGE ( 'NONE', *, *, #1392, .F. ) ;
#72 = EDGE_CURVE ( 'NONE', #766, #1520, #1165, .T. ) ;
#73 = PLANE ( 'NONE',  #1070 ) ;
#74 = CARTESIAN_POINT ( 'NONE',  ( -17.00000000000000000, 14.46453092683341200, 12.66036907156653000 ) ) ;
#75 = ORIENTED_EDGE ( 'NONE', *, *, #1143, .F. ) ;
#76 = AXIS2_PLACEMENT_3D ( 'NONE', #1150, #686, #1531 ) ;
#77 = ORIENTED_EDGE ( 'NONE', *, *, #632, .T. ) ;
#78 = CARTESIAN_POINT ( 'NONE',  ( -16.66845657232947900, 14.13483680461460600, 12.38399283725061500 ) ) ;
#79 = DIRECTION ( 'NONE',  ( 0.0000000000000000000, 1.000000000000000000, -0.0000000000000000000 ) ) ;
#80 = PERSON_AND_ORGANIZATION ( #1173, #1294 ) ;
#81 = EDGE_CURVE ( 'NONE', #459, #1544, #856, .T. ) ;
#82 = CARTESIAN_POINT ( 'NONE',  ( -16.70367313612842600, 14.16102495343766200, 12.43277820276578000 ) ) ;
#83 = CARTESIAN_POINT ( 'NONE',  ( -17.00000000000000000, 7.025062814466901200, 11.99999999999999600 ) ) ;
#84 = VECTOR ( 'NONE', #369, 1000.000000000000000 ) ;
#85 = CARTESIAN_POINT ( 'NONE',  ( 17.00100000000000100, 7.000000000000000000, 25.22182540694795300 ) ) ;
#86 = ADVANCED_FACE ( 'NONE', ( #263 ), #1234, .F. ) ;
#87 = CC_DESIGN_SECURITY_CLASSIFICATION ( #803, ( #506 ) ) ;
#88 = EDGE_LOOP ( 'NONE', ( #917, #483, #521, #1506 ) ) ;
#89 = VECTOR ( 'NONE', #873, 1000.000000000000000 ) ;
#90 = SHAPE_REPRESENTATION ( 'HBLUD5', ( #1137, #422 ), #1546 ) ;
#91 = ORIENTED_EDGE ( 'NONE', *, *, #687, .T. ) ;
#92 = DIRECTION ( 'NONE',  ( -1.000000000000000000, -0.0000000000000000000, -0.0000000000000000000 ) ) ;
#93 = CARTESIAN_POINT ( 'NONE',  ( 17.00000000000000000, 14.46453092683341200, 12.66036907156652800 ) ) ;
#94 = EDGE_LOOP ( 'NONE', ( #1320, #1344, #1432, #1580 ) ) ;
#95 = ORIENTED_EDGE ( 'NONE', *, *, #446, .F. ) ;
#96 = EDGE_CURVE ( 'NONE', #415, #1336, #27, .T. ) ;
#97 = DIRECTION ( 'NONE',  ( 1.000000000000000000, 0.0000000000000000000, 0.0000000000000000000 ) ) ;
#98 = ADVANCED_FACE ( 'NONE', ( #1536 ), #518, .T. ) ;
#99 = DIRECTION ( 'NONE',  ( 0.0000000000000000000, 3.469446951953611000E-015, 1.000000000000000000 ) ) ;
#100 = APPROVAL ( #877, 'UNSPECIFIED' ) ;
#101 = PERSON_AND_ORGANIZATION ( #1173, #1294 ) ;
#102 = EDGE_CURVE ( 'NONE', #1336, #459, #969, .T. ) ;
#103 = CIRCLE ( 'NONE', #123, 0.5000000000000004400 ) ;
#104 = VECTOR ( 'NONE', #461, 1000.000000000000200 ) ;
#105 = AXIS2_PLACEMENT_3D ( 'NONE', #434, #1448, #20 ) ;
#106 = VECTOR ( 'NONE', #1372, 1000.000000000000000 ) ;
#107 = LINE ( 'NONE', #371, #158 ) ;
#108 = ORIENTED_EDGE ( 'NONE', *, *, #669, .T. ) ;
#109 = CARTESIAN_POINT ( 'NONE',  ( 0.0000000000000000000, 0.0000000000000000000, 0.0000000000000000000 ) ) ;
#110 = VERTEX_POINT ( 'NONE', #1142 ) ;
#111 = DIRECTION ( 'NONE',  ( 0.0000000000000000000, 0.0000000000000000000, 1.000000000000000000 ) ) ;
#112 = ORIENTED_EDGE ( 'NONE', *, *, #1326, .F. ) ;
#113 = CARTESIAN_POINT ( 'NONE',  ( 10.00000000000000000, 41.00000000000000000, -0.001000000000004469500 ) ) ;
#114 = AXIS2_PLACEMENT_3D ( 'NONE', #712, #312, #1330 ) ;
#115 = CARTESIAN_POINT ( 'NONE',  ( 17.00100000000000100, 25.22182540694796400, 4.999999999999997300 ) ) ;
#116 = DIRECTION ( 'NONE',  ( 1.000000000000000000, 0.0000000000000000000, 0.0000000000000000000 ) ) ;
#117 = PERSON_AND_ORGANIZATION ( #1173, #1294 ) ;
#118 = SECURITY_CLASSIFICATION_LEVEL ( 'unclassified' ) ;
#119 = DIRECTION ( 'NONE',  ( -0.0000000000000000000, -1.000000000000000000, 1.866720552071813100E-016 ) ) ;
#120 = EDGE_CURVE ( 'NONE', #1396, #784, #1241, .T. ) ;
#121 = LINE ( 'NONE', #985, #1145 ) ;
#122 = ORIENTED_EDGE ( 'NONE', *, *, #1532, .T. ) ;
#123 = AXIS2_PLACEMENT_3D ( 'NONE', #1370, #609, #1348 ) ;
#124 = CARTESIAN_POINT ( 'NONE',  ( -17.00000000000000000, 5.000000000000000000, 13.00000000000000500 ) ) ;
#125 = ORIENTED_EDGE ( 'NONE', *, *, #457, .F. ) ;
#126 = ORIENTED_EDGE ( 'NONE', *, *, #1175, .T. ) ;
#127 = DIRECTION ( 'NONE',  ( 0.0000000000000000000, -1.000000000000000000, -0.0000000000000000000 ) ) ;
#128 = ORIENTED_EDGE ( 'NONE', *, *, #260, .T. ) ;
#129 = APPROVAL_ROLE ( '' ) ;
#130 = ORIENTED_EDGE ( 'NONE', *, *, #1309, .F. ) ;
#131 = CARTESIAN_POINT ( 'NONE',  ( 17.00000000000000000, 49.99999999999998600, 8.999999999999994700 ) ) ;
#132 = EDGE_CURVE ( 'NONE', #974, #1287, #836, .T. ) ;
#133 = DIRECTION ( 'NONE',  ( -1.000000000000000000, 0.0000000000000000000, 0.0000000000000000000 ) ) ;
#134 = AXIS2_PLACEMENT_3D ( 'NONE', #820, #43, #811 ) ;
#135 = CARTESIAN_POINT ( 'NONE',  ( -10.00000000000000000, 41.00000000000000000, -2.789279495308411000E-015 ) ) ;
#136 = DATE_AND_TIME ( #236, #1420 ) ;
#137 = VECTOR ( 'NONE', #1399, 1000.000000000000000 ) ;
#138 = CARTESIAN_POINT ( 'NONE',  ( -17.00000000000000000, 8.414213562373095800, 26.63603896932105300 ) ) ;
#139 = FACE_OUTER_BOUND ( 'NONE', #1524, .T. ) ;
#140 = DIRECTION ( 'NONE',  ( 0.0000000000000000000, 0.0000000000000000000, 1.000000000000000000 ) ) ;
#141 = FACE_OUTER_BOUND ( 'NONE', #715, .T. ) ;
#142 = DIRECTION ( 'NONE',  ( 0.0000000000000000000, 0.0000000000000000000, 1.000000000000000000 ) ) ;
#143 = AXIS2_PLACEMENT_3D ( 'NONE', #385, #1286, #790 ) ;
#144 = ORIENTED_EDGE ( 'NONE', *, *, #885, .F. ) ;
#145 = ORIENTED_EDGE ( 'NONE', *, *, #204, .T. ) ;
#146 = DIRECTION ( 'NONE',  ( 0.0000000000000000000, 0.9659258262890679800, -0.2588190451025219600 ) ) ;
#147 = DIRECTION ( 'NONE',  ( 0.0000000000000000000, -1.734723475976809500E-015, 1.000000000000000000 ) ) ;
#148 = ORIENTED_EDGE ( 'NONE', *, *, #12, .T. ) ;
#149 = DIRECTION ( 'NONE',  ( -1.000000000000000000, 0.0000000000000000000, 0.0000000000000000000 ) ) ;
#150 = ORIENTED_EDGE ( 'NONE', *, *, #102, .F. ) ;
#151 = DIRECTION ( 'NONE',  ( -1.000000000000000000, -0.0000000000000000000, 0.0000000000000000000 ) ) ;
#152 = AXIS2_PLACEMENT_3D ( 'NONE', #1476, #1099, #735 ) ;
#153 = PERSON_AND_ORGANIZATION ( #1173, #1294 ) ;
#154 = CARTESIAN_POINT ( 'NONE',  ( -17.00000000000000000, 12.50000000000000200, 7.025062814466897600 ) ) ;
#155 = DATE_AND_TIME ( #532, #1199 ) ;
#156 = CIRCLE ( 'NONE', #76, 0.5000000000000022200 ) ;
#157 = FACE_OUTER_BOUND ( 'NONE', #337, .T. ) ;
#158 = VECTOR ( 'NONE', #486, 1000.000000000000000 ) ;
#159 = EDGE_CURVE ( 'NONE', #630, #415, #494, .T. ) ;
#160 = EDGE_LOOP ( 'NONE', ( #1367, #228, #780, #1269 ) ) ;
#161 = VERTEX_POINT ( 'NONE', #275 ) ;
#162 = DIRECTION ( 'NONE',  ( 0.0000000000000000000, -0.7071067811865510100, -0.7071067811865441300 ) ) ;
#163 = AXIS2_PLACEMENT_3D ( 'NONE', #693, #570, #458 ) ;
#164 = ORIENTED_EDGE ( 'NONE', *, *, #1249, .F. ) ;
#165 = APPROVAL ( #1136, 'UNKNOWN' ) ;
#166 = ORIENTED_EDGE ( 'NONE', *, *, #975, .T. ) ;
#167 = DIRECTION ( 'NONE',  ( 0.0000000000000000000, 0.0000000000000000000, -1.000000000000000000 ) ) ;
#168 = DIRECTION ( 'NONE',  ( -0.0000000000000000000, 1.000000000000000000, -6.802837160693362900E-017 ) ) ;
#169 = DIRECTION ( 'NONE',  ( 0.0000000000000000000, -3.469446951953611000E-015, 1.000000000000000000 ) ) ;
#170 = EDGE_CURVE ( 'NONE', #161, #331, #946, .T. ) ;
#171 = APPROVAL_DATE_TIME ( #588, #165 ) ;
#172 = CC_DESIGN_APPROVAL ( #1474, ( #470 ) ) ;
#173 = COORDINATED_UNIVERSAL_TIME_OFFSET ( 9, 0, .AHEAD. ) ;
#174 = CIRCLE ( 'NONE', #105, 1.000000000000000900 ) ;
#175 = CARTESIAN_POINT ( 'NONE',  ( -17.00000000000000000, 13.00000000000000200, 5.999999999999993800 ) ) ;
#176 = DIRECTION ( 'NONE',  ( -1.000000000000000000, 0.0000000000000000000, 0.0000000000000000000 ) ) ;
#177 = FACE_OUTER_BOUND ( 'NONE', #785, .T. ) ;
#178 = DIRECTION ( 'NONE',  ( 0.0000000000000000000, 0.0000000000000000000, -1.000000000000000000 ) ) ;
#179 = FACE_BOUND ( 'NONE', #1429, .T. ) ;
#180 = VECTOR ( 'NONE', #929, 1000.000000000000000 ) ;
#181 = ORIENTED_EDGE ( 'NONE', *, *, #1296, .T. ) ;
#182 = EDGE_CURVE ( 'NONE', #29, #582, #536, .T. ) ;
#183 = DIRECTION ( 'NONE',  ( -1.000000000000000000, -0.0000000000000000000, -0.0000000000000000000 ) ) ;
#184 = ORIENTED_EDGE ( 'NONE', *, *, #1540, .T. ) ;
#185 = DIRECTION ( 'NONE',  ( -1.000000000000000000, -0.0000000000000000000, -0.0000000000000000000 ) ) ;
#186 = ORIENTED_EDGE ( 'NONE', *, *, #791, .F. ) ;
#187 = AXIS2_PLACEMENT_3D ( 'NONE', #270, #176, #1305 ) ;
#188 = ORIENTED_EDGE ( 'NONE', *, *, #1205, .F. ) ;
#189 = CARTESIAN_POINT ( 'NONE',  ( 17.00000000000000000, 0.9999999999999940000, 49.99999999999998600 ) ) ;
#190 = DIRECTION ( 'NONE',  ( -1.000000000000000000, 0.0000000000000000000, 0.0000000000000000000 ) ) ;
#191 = EDGE_CURVE ( 'NONE', #442, #642, #357, .T. ) ;
#192 = CARTESIAN_POINT ( 'NONE',  ( 17.00000000000000000, 12.66017223553291900, 14.46454438144522900 ) ) ;
#193 = DIRECTION ( 'NONE',  ( -0.0000000000000000000, -1.000000000000000000, 1.866720552071813100E-016 ) ) ;
#194 = AXIS2_PLACEMENT_3D ( 'NONE', #1389, #764, #745 ) ;
#195 = CALENDAR_DATE ( 2026, 27, 5 ) ;
#196 = LINE ( 'NONE', #1216, #311 ) ;
#197 = CIRCLE ( 'NONE', #1365, 0.5000000000000004400 ) ;
#198 = VECTOR ( 'NONE', #1246, 1000.000000000000000 ) ;
#199 = DIRECTION ( 'NONE',  ( -0.0000000000000000000, 1.000000000000000000, 1.224646799147353900E-016 ) ) ;
#200 = CYLINDRICAL_SURFACE ( 'NONE', #704, 2.750000000000000900 ) ;
#201 = ORIENTED_EDGE ( 'NONE', *, *, #757, .F. ) ;
#202 = ORIENTED_EDGE ( 'NONE', *, *, #1458, .F. ) ;
#203 = ORIENTED_EDGE ( 'NONE', *, *, #1375, .F. ) ;
#204 = EDGE_CURVE ( 'NONE', #1015, #333, #1555, .T. ) ;
#205 = CARTESIAN_POINT ( 'NONE',  ( -10.00000000000000000, 8.999999999999992900, 41.00000000000000000 ) ) ;
#206 = ADVANCED_FACE ( 'NONE', ( #179, #777, #1147 ), #781, .F. ) ;
#207 = ORIENTED_EDGE ( 'NONE', *, *, #21, .F. ) ;
#208 = CARTESIAN_POINT ( 'NONE',  ( -17.00000000000000000, 25.22182540694796400, 4.999999999999997300 ) ) ;
#209 = AXIS2_PLACEMENT_3D ( 'NONE', #274, #552, #425 ) ;
#210 = VERTEX_POINT ( 'NONE', #391 ) ;
#211 = CARTESIAN_POINT ( 'NONE',  ( 17.00000000000000000, 1.000000000000000900, 50.99999999999999300 ) ) ;
#212 = CARTESIAN_POINT ( 'NONE',  ( -16.82360598422359700, 12.55012500251983300, 14.25761591272284800 ) ) ;
#213 = ADVANCED_FACE ( 'NONE', ( #1317 ), #222, .T. ) ;
#214 = EDGE_CURVE ( 'NONE', #1091, #1541, #1459, .T. ) ;
#215 = PERSON_AND_ORGANIZATION ( #1173, #1294 ) ;
#216 = APPROVAL_ROLE ( '' ) ;
#217 = AXIS2_PLACEMENT_3D ( 'NONE', #115, #998, #991 ) ;
#218 = CIRCLE ( 'NONE', #300, 2.750000000000002700 ) ;
#219 = CARTESIAN_POINT ( 'NONE',  ( 17.00000000000000000, 6.000000000000000000, 12.99999999999999800 ) ) ;
#220 = FACE_OUTER_BOUND ( 'NONE', #334, .T. ) ;
#221 = CC_DESIGN_SECURITY_CLASSIFICATION ( #1554, ( #1623 ) ) ;
#222 = CYLINDRICAL_SURFACE ( 'NONE', #585, 1.000000000000000400 ) ;
#223 = VECTOR ( 'NONE', #533, 1000.000000000000000 ) ;
#224 = ORIENTED_EDGE ( 'NONE', *, *, #892, .F. ) ;
#225 = ADVANCED_FACE ( 'NONE', ( #157 ), #474, .F. ) ;
#226 = PLANE ( 'NONE',  #896 ) ;
#227 = ORIENTED_EDGE ( 'NONE', *, *, #1256, .T. ) ;
#228 = ORIENTED_EDGE ( 'NONE', *, *, #940, .F. ) ;
#229 = AXIS2_PLACEMENT_3D ( 'NONE', #399, #393, #1020 ) ;
#230 = EDGE_LOOP ( 'NONE', ( #638 ) ) ;
#231 =( NAMED_UNIT ( * ) SI_UNIT ( $, .STERADIAN. ) SOLID_ANGLE_UNIT ( ) );
#232 = DIRECTION ( 'NONE',  ( -1.000000000000000000, -0.0000000000000000000, 0.0000000000000000000 ) ) ;
#233 = CARTESIAN_POINT ( 'NONE',  ( 17.00000000000000000, -6.505213034913026600E-015, 49.99999999999997900 ) ) ;
#234 = CARTESIAN_POINT ( 'NONE',  ( -17.00000000000000000, 14.46453092683341200, 12.66036907156652800 ) ) ;
#235 = DIRECTION ( 'NONE',  ( -1.000000000000000000, -0.0000000000000000000, -0.0000000000000000000 ) ) ;
#236 = CALENDAR_DATE ( 2026, 27, 5 ) ;
#237 = LINE ( 'NONE', #325, #963 ) ;
#238 = CARTESIAN_POINT ( 'NONE',  ( 10.00000000000000000, 38.25000000000000000, -2.602201473389343300E-015 ) ) ;
#239 = AXIS2_PLACEMENT_3D ( 'NONE', #1068, #1319, #834 ) ;
#240 = VECTOR ( 'NONE', #183, 1000.000000000000000 ) ;
#241 = DIRECTION ( 'NONE',  ( 0.0000000000000000000, -1.224646799147354900E-016, 1.000000000000000000 ) ) ;
#242 = CYLINDRICAL_SURFACE ( 'NONE', #1095, 0.5000000000000022200 ) ;
#243 = ORIENTED_EDGE ( 'NONE', *, *, #1175, .F. ) ;
#244 = DIRECTION ( 'NONE',  ( -1.000000000000000000, -0.0000000000000000000, -0.0000000000000000000 ) ) ;
#245 = ORIENTED_EDGE ( 'NONE', *, *, #921, .T. ) ;
#246 =( REPRESENTATION_RELATIONSHIP ('NONE','NONE', #90, #1160 ) REPRESENTATION_RELATIONSHIP_WITH_TRANSFORMATION ( #1608 )SHAPE_REPRESENTATION_RELATIONSHIP( ) );
#247 = VERTEX_POINT ( 'NONE', #1408 ) ;
#248 = CARTESIAN_POINT ( 'NONE',  ( -17.00000000000000000, 12.66017223553292000, 14.46454438144522900 ) ) ;
#249 = VERTEX_POINT ( 'NONE', #913 ) ;
#250 = DIRECTION ( 'NONE',  ( -1.000000000000000000, -0.0000000000000000000, -0.0000000000000000000 ) ) ;
#251 = AXIS2_PLACEMENT_3D ( 'NONE', #154, #1023, #140 ) ;
#252 = PERSON_AND_ORGANIZATION_ROLE ( 'design_owner' ) ;
#253 = CARTESIAN_POINT ( 'NONE',  ( 17.00000000000000000, 7.025062814466901200, 12.49999999999999600 ) ) ;
#254 = CARTESIAN_POINT ( 'NONE',  ( 17.00000000000000000, -6.505213034913026600E-015, 49.99999999999997900 ) ) ;
#255 = CARTESIAN_POINT ( 'NONE',  ( -10.00000000000000000, -0.001000000000014877900, 41.00000000000000000 ) ) ;
#256 = APPROVAL_PERSON_ORGANIZATION ( #1275, #165, #1385 ) ;
#257 = APPROVAL_PERSON_ORGANIZATION ( #1001, #1039, #1593 ) ;
#258 = DIRECTION ( 'NONE',  ( 0.0000000000000000000, -1.000000000000000000, 6.802837160693357900E-017 ) ) ;
#259 = CIRCLE ( 'NONE', #1251, 0.5000000000000004400 ) ;
#260 = EDGE_CURVE ( 'NONE', #682, #1030, #1063, .T. ) ;
#261 = FACE_OUTER_BOUND ( 'NONE', #1301, .T. ) ;
#262 = LINE ( 'NONE', #1062, #26 ) ;
#263 = FACE_OUTER_BOUND ( 'NONE', #318, .T. ) ;
#264 = CIRCLE ( 'NONE', #1101, 0.5000000000000004400 ) ;
#265 = ORIENTED_EDGE ( 'NONE', *, *, #1392, .T. ) ;
#266 = ORIENTED_EDGE ( 'NONE', *, *, #1472, .T. ) ;
#267 = DIRECTION ( 'NONE',  ( 1.000000000000000000, 0.0000000000000000000, -0.0000000000000000000 ) ) ;
#268 = ORIENTED_EDGE ( 'NONE', *, *, #1218, .F. ) ;
#269 = PERSON_AND_ORGANIZATION_ROLE ( 'classification_officer' ) ;
#270 = CARTESIAN_POINT ( 'NONE',  ( 17.00100000000000100, 12.00000000000000000, 11.99999999999999600 ) ) ;
#271 = ORIENTED_EDGE ( 'NONE', *, *, #940, .T. ) ;
#272 = CARTESIAN_POINT ( 'NONE',  ( -17.00000000000000000, 25.22182540694796400, 6.999999999999996400 ) ) ;
#273 = AXIS2_PLACEMENT_3D ( 'NONE', #1054, #1557, #305 ) ;
#274 = CARTESIAN_POINT ( 'NONE',  ( 17.00100000000000100, 15.96280880449443800, 12.54419332871816900 ) ) ;
#275 = CARTESIAN_POINT ( 'NONE',  ( -17.00000000000000000, 30.70710678118630500, 9.292893218813457400 ) ) ;
#276 = DIRECTION ( 'NONE',  ( 0.0000000000000000000, 0.0000000000000000000, 1.000000000000000000 ) ) ;
#277 = PERSON_AND_ORGANIZATION ( #1173, #1294 ) ;
#278 = VECTOR ( 'NONE', #1571, 1000.000000000000000 ) ;
#279 = DIRECTION ( 'NONE',  ( 0.0000000000000000000, 1.866720552071836800E-016, -1.000000000000000000 ) ) ;
#280 = FACE_OUTER_BOUND ( 'NONE', #819, .T. ) ;
#281 = CARTESIAN_POINT ( 'NONE',  ( 17.00000000000000000, 15.83339928194317800, 13.02715624186270400 ) ) ;
#282 = AXIS2_PLACEMENT_3D ( 'NONE', #401, #1170, #1427 ) ;
#283 = ORIENTED_EDGE ( 'NONE', *, *, #1573, .T. ) ;
#284 = VERTEX_POINT ( 'NONE', #293 ) ;
#285 = DIRECTION ( 'NONE',  ( 0.0000000000000000000, 0.0000000000000000000, 1.000000000000000000 ) ) ;
#286 = VERTEX_POINT ( 'NONE', #816 ) ;
#287 = DIRECTION ( 'NONE',  ( 0.0000000000000000000, -7.096826448652420200E-017, 1.000000000000000000 ) ) ;
#288 = ORIENTED_EDGE ( 'NONE', *, *, #291, .F. ) ;
#289 = CLOSED_SHELL ( 'NONE', ( #1069, #724, #855, #98, #564, #584, #863, #468, #206, #1572, #445, #1471, #451, #1100, #1220, #213, #86, #824, #1565, #965, #841, #435, #594, #225, #1092, #979, #973, #1060, #1217, #736, #1368, #718, #1329, #59, #310, #1340, #578, #1073, #1353, #606, #1606, #1079 ) ) ;
#290 = DIRECTION ( 'NONE',  ( 0.0000000000000000000, 0.0000000000000000000, 1.000000000000000000 ) ) ;
#291 = EDGE_CURVE ( 'NONE', #333, #1417, #1443, .T. ) ;
#292 = AXIS2_PLACEMENT_3D ( 'NONE', #1363, #1345, #1109 ) ;
#293 = CARTESIAN_POINT ( 'NONE',  ( 17.00000000000000000, 30.70710678118630500, 9.292893218813457400 ) ) ;
#294 = CARTESIAN_POINT ( 'NONE',  ( 17.00100000000000100, 4.999999999999999100, 25.22182540694795300 ) ) ;
#295 = VECTOR ( 'NONE', #1180, 1000.000000000000000 ) ;
#296 = VECTOR ( 'NONE', #1355, 1000.000000000000000 ) ;
#297 = VECTOR ( 'NONE', #932, 1000.000000000000000 ) ;
#298 = CARTESIAN_POINT ( 'NONE',  ( -17.00000000000000000, 25.22182540694796400, 4.999999999999997300 ) ) ;
#299 = ORIENTED_EDGE ( 'NONE', *, *, #182, .F. ) ;
#300 = AXIS2_PLACEMENT_3D ( 'NONE', #135, #8, #258 ) ;
#301 = EDGE_LOOP ( 'NONE', ( #1043, #1065, #990, #412 ) ) ;
#302 = EDGE_LOOP ( 'NONE', ( #703 ) ) ;
#303 = CC_DESIGN_APPROVAL ( #1039, ( #960 ) ) ;
#304 = CARTESIAN_POINT ( 'NONE',  ( 17.00100000000000100, 6.000000000000000000, 12.99999999999999800 ) ) ;
#305 = DIRECTION ( 'NONE',  ( 1.000000000000000000, 0.0000000000000000000, 0.0000000000000000000 ) ) ;
#306 = ORIENTED_EDGE ( 'NONE', *, *, #530, .T. ) ;
#307 = DIRECTION ( 'NONE',  ( 0.0000000000000000000, 0.0000000000000000000, -1.000000000000000000 ) ) ;
#308 = AXIS2_PLACEMENT_3D ( 'NONE', #1284, #1418, #1016 ) ;
#309 = CARTESIAN_POINT ( 'NONE',  ( -10.00000000000000000, -5.020999553086678800E-015, 41.00000000000000000 ) ) ;
#310 = ADVANCED_FACE ( 'NONE', ( #141 ), #804, .T. ) ;
#311 = VECTOR ( 'NONE', #441, 1000.000000000000000 ) ;
#312 = DIRECTION ( 'NONE',  ( 0.0000000000000000000, 0.0000000000000000000, -1.000000000000000000 ) ) ;
#313 = DIRECTION ( 'NONE',  ( 0.0000000000000000000, -0.7071067811865477900, -0.7071067811865473500 ) ) ;
#314 = CIRCLE ( 'NONE', #1280, 1.000000000000000900 ) ;
#315 = CYLINDRICAL_SURFACE ( 'NONE', #568, 0.5000000000000004400 ) ;
#316 = CIRCLE ( 'NONE', #1177, 1.000000000000000200 ) ;
#317 = ORIENTED_EDGE ( 'NONE', *, *, #608, .T. ) ;
#318 = EDGE_LOOP ( 'NONE', ( #496, #954, #952, #647 ) ) ;
#319 = CARTESIAN_POINT ( 'NONE',  ( -17.00000000000000000, 12.00000000000000200, 6.000000000000001800 ) ) ;
#320 = ORIENTED_EDGE ( 'NONE', *, *, #191, .F. ) ;
#321 = ORIENTED_EDGE ( 'NONE', *, *, #852, .F. ) ;
#322 = CARTESIAN_POINT ( 'NONE',  ( -16.81909231777646200, 14.25231960822657000, 12.55663963735008600 ) ) ;
#323 = EDGE_LOOP ( 'NONE', ( #1433 ) ) ;
#324 = EDGE_CURVE ( 'NONE', #1544, #1030, #65, .T. ) ;
#325 = CARTESIAN_POINT ( 'NONE',  ( 17.00000000000000000, 30.70710678118630500, 9.292893218813457400 ) ) ;
#326 = SHAPE_DEFINITION_REPRESENTATION ( #586, #90 ) ;
#327 = CC_DESIGN_PERSON_AND_ORGANIZATION_ASSIGNMENT ( #709, #345, ( #960 ) ) ;
#328 = CYLINDRICAL_SURFACE ( 'NONE', #943, 1.000000000000000900 ) ;
#329 = VECTOR ( 'NONE', #1200, 1000.000000000000000 ) ;
#330 = CYLINDRICAL_SURFACE ( 'NONE', #1082, 0.5000000000000004400 ) ;
#331 = VERTEX_POINT ( 'NONE', #546 ) ;
#332 = FACE_OUTER_BOUND ( 'NONE', #861, .T. ) ;
#333 = VERTEX_POINT ( 'NONE', #406 ) ;
#334 = EDGE_LOOP ( 'NONE', ( #1014, #1563, #477, #895 ) ) ;
#335 = EDGE_CURVE ( 'NONE', #55, #1545, #1614, .T. ) ;
#336 = ORIENTED_EDGE ( 'NONE', *, *, #1024, .F. ) ;
#337 = EDGE_LOOP ( 'NONE', ( #1598, #1450, #665, #164 ) ) ;
#338 = CARTESIAN_POINT ( 'NONE',  ( 17.00000000000000000, 0.9999999999999997800, 0.9999999999999997800 ) ) ;
#339 = CC_DESIGN_APPROVAL ( #165, ( #1554 ) ) ;
#340 = EDGE_LOOP ( 'NONE', ( #707 ) ) ;
#341 = APPLICATION_CONTEXT ( 'configuration controlled 3d designs of mechanical parts and assemblies' ) ;
#342 = DIRECTION ( 'NONE',  ( 0.0000000000000000000, 0.0000000000000000000, 1.000000000000000000 ) ) ;
#343 = EDGE_CURVE ( 'NONE', #642, #394, #1354, .T. ) ;
#344 = CALENDAR_DATE ( 2026, 27, 5 ) ;
#345 = PERSON_AND_ORGANIZATION_ROLE ( 'creator' ) ;
#346 = AXIS2_PLACEMENT_3D ( 'NONE', #581, #1076, #1586 ) ;
#347 = CARTESIAN_POINT ( 'NONE',  ( 17.00000000000000000, 51.00000000000000000, 1.000000000000003600 ) ) ;
#348 = VECTOR ( 'NONE', #675, 1000.000000000000000 ) ;
#349 = FACE_OUTER_BOUND ( 'NONE', #668, .T. ) ;
#350 = LINE ( 'NONE', #894, #1204 ) ;
#351 = ORIENTED_EDGE ( 'NONE', *, *, #1550, .F. ) ;
#352 = APPLICATION_PROTOCOL_DEFINITION ( 'international standard', 'config_control_design', 1994, #341 ) ;
#353 = CARTESIAN_POINT ( 'NONE',  ( -16.70400141911719100, 12.43303958551266900, 14.16130684632129500 ) ) ;
#354 = ORIENTED_EDGE ( 'NONE', *, *, #1143, .T. ) ;
#355 = CARTESIAN_POINT ( 'NONE',  ( 17.00100000000000100, 14.59394044938467200, 12.17740615842199700 ) ) ;
#356 = EDGE_CURVE ( 'NONE', #1470, #442, #616, .T. ) ;
#357 = B_SPLINE_CURVE_WITH_KNOTS ( 'NONE', 3,
 ( #770, #528, #25, #789, #531, #667, #517, #776 ),
 .UNSPECIFIED., .F., .F.,
 ( 4, 2, 2, 4 ),
 ( 1.966033316505520200E-007, 0.0001920510933957272900, 0.0003839055834598039900, 0.0007676145635879598400 ),
 .UNSPECIFIED. ) ;
#358 = ORIENTED_EDGE ( 'NONE', *, *, #420, .F. ) ;
#359 = PLANE ( 'NONE',  #1123 ) ;
#360 = VERTEX_POINT ( 'NONE', #414 ) ;
#361 = DIRECTION ( 'NONE',  ( 1.000000000000000000, 0.0000000000000000000, 0.0000000000000000000 ) ) ;
#362 = CARTESIAN_POINT ( 'NONE',  ( 17.00000000000000000, 26.63603896932105600, 8.414213562373088700 ) ) ;
#363 = ORIENTED_EDGE ( 'NONE', *, *, #782, .T. ) ;
#364 = DIRECTION ( 'NONE',  ( 0.0000000000000000000, 0.0000000000000000000, 1.000000000000000000 ) ) ;
#365 = CALENDAR_DATE ( 2026, 27, 5 ) ;
#366 = DIRECTION ( 'NONE',  ( -0.0000000000000000000, 1.000000000000000000, 1.866720552071837500E-016 ) ) ;
#367 = FACE_OUTER_BOUND ( 'NONE', #800, .T. ) ;
#368 = DATE_TIME_ROLE ( 'classification_date' ) ;
#369 = DIRECTION ( 'NONE',  ( -1.000000000000000000, 0.0000000000000000000, 0.0000000000000000000 ) ) ;
#370 = ORIENTED_EDGE ( 'NONE', *, *, #791, .T. ) ;
#371 = CARTESIAN_POINT ( 'NONE',  ( 17.00000000000000000, 51.00000000000000000, 7.999999999999986700 ) ) ;
#372 = EDGE_LOOP ( 'NONE', ( #1527 ) ) ;
#373 = CARTESIAN_POINT ( 'NONE',  ( 17.00000000000000000, 12.00000000000000200, 6.000000000000001800 ) ) ;
#374 = EDGE_CURVE ( 'NONE', #1378, #1378, #1409, .T. ) ;
#375 = ORIENTED_EDGE ( 'NONE', *, *, #574, .T. ) ;
#376 = ORIENTED_EDGE ( 'NONE', *, *, #871, .T. ) ;
#377 = AXIS2_PLACEMENT_3D ( 'NONE', #763, #635, #1387 ) ;
#378 = PERSON_AND_ORGANIZATION_ROLE ( 'creator' ) ;
#379 = CARTESIAN_POINT ( 'NONE',  ( 17.00100000000000100, 7.025062814466901200, 12.49999999999999600 ) ) ;
#380 = CC_DESIGN_DATE_AND_TIME_ASSIGNMENT ( #1276, #368, ( #653 ) ) ;
#381 = CARTESIAN_POINT ( 'NONE',  ( 17.00100000000000100, 12.17720932238838200, 14.59395390399649100 ) ) ;
#382 = APPROVAL_PERSON_ORGANIZATION ( #868, #1292, #129 ) ;
#383 = CARTESIAN_POINT ( 'NONE',  ( 17.00000000000000000, 4.999999999999999100, 25.22182540694795300 ) ) ;
#384 = DIRECTION ( 'NONE',  ( -1.000000000000000000, -0.0000000000000000000, 0.0000000000000000000 ) ) ;
#385 = CARTESIAN_POINT ( 'NONE',  ( -17.00000000000000000, 6.000000000000000000, 12.99999999999999800 ) ) ;
#386 = AXIS2_PLACEMENT_3D ( 'NONE', #1548, #57, #1558 ) ;
#387 = VECTOR ( 'NONE', #1157, 1000.000000000000000 ) ;
#388 = FACE_BOUND ( 'NONE', #1193, .T. ) ;
#389 = CARTESIAN_POINT ( 'NONE',  ( 17.00000000000000000, 14.59394044938467200, 12.17740615842199700 ) ) ;
#390 = ORIENTED_EDGE ( 'NONE', *, *, #544, .F. ) ;
#391 = CARTESIAN_POINT ( 'NONE',  ( -17.00000000000000000, 14.41550072413439300, 12.64448138197020000 ) ) ;
#392 = EDGE_LOOP ( 'NONE', ( #825 ) ) ;
#393 = DIRECTION ( 'NONE',  ( -1.000000000000000000, 0.0000000000000000000, 0.0000000000000000000 ) ) ;
#394 = VERTEX_POINT ( 'NONE', #38 ) ;
#395 = ORIENTED_EDGE ( 'NONE', *, *, #550, .F. ) ;
#396 = DIRECTION ( 'NONE',  ( 0.0000000000000000000, 0.0000000000000000000, 1.000000000000000000 ) ) ;
#397 = EDGE_CURVE ( 'NONE', #1415, #987, #815, .T. ) ;
#398 = ORIENTED_EDGE ( 'NONE', *, *, #644, .F. ) ;
#399 = CARTESIAN_POINT ( 'NONE',  ( 17.00100000000000100, 12.54400000000000000, 15.96283534858565100 ) ) ;
#400 = AXIS2_PLACEMENT_3D ( 'NONE', #309, #1194, #437 ) ;
#401 = CARTESIAN_POINT ( 'NONE',  ( 17.00000000000000000, 13.00000000000000200, 5.999999999999993800 ) ) ;
#402 = DIRECTION ( 'NONE',  ( -1.000000000000000000, 0.0000000000000000000, 0.0000000000000000000 ) ) ;
#403 = COORDINATED_UNIVERSAL_TIME_OFFSET ( 9, 0, .AHEAD. ) ;
#404 = CIRCLE ( 'NONE', #292, 4.499999999999997300 ) ;
#405 = EDGE_CURVE ( 'NONE', #110, #682, #984, .T. ) ;
#406 = CARTESIAN_POINT ( 'NONE',  ( -17.00000000000000000, 26.63603896932105600, 8.414213562373088700 ) ) ;
#407 = VECTOR ( 'NONE', #133, 1000.000000000000000 ) ;
#408 = VECTOR ( 'NONE', #1081, 1000.000000000000000 ) ;
#409 = CARTESIAN_POINT ( 'NONE',  ( -17.00000000000000000, 6.000000000000007100, 11.99999999999999600 ) ) ;
#410 = VERTEX_POINT ( 'NONE', #560 ) ;
#411 = FACE_OUTER_BOUND ( 'NONE', #340, .T. ) ;
#412 = ORIENTED_EDGE ( 'NONE', *, *, #801, .F. ) ;
#413 = PRODUCT_DEFINITION ( 'UNKNOWN', '', #506, #747 ) ;
#414 = CARTESIAN_POINT ( 'NONE',  ( -17.00000000000000000, 31.41421356237285400, 8.999999999999998200 ) ) ;
#415 = VERTEX_POINT ( 'NONE', #926 ) ;
#416 = DIRECTION ( 'NONE',  ( 0.0000000000000000000, 0.0000000000000000000, 1.000000000000000000 ) ) ;
#417 = ORIENTED_EDGE ( 'NONE', *, *, #788, .T. ) ;
#418 = VERTEX_POINT ( 'NONE', #1295 ) ;
#419 = PLANE ( 'NONE',  #114 ) ;
#420 = EDGE_CURVE ( 'NONE', #1412, #1559, #575, .T. ) ;
#421 = CARTESIAN_POINT ( 'NONE',  ( 17.00000000000000000, 12.00000000000000000, 11.99999999999999600 ) ) ;
#422 = AXIS2_PLACEMENT_3D ( 'NONE', #109, #1499, #1600 ) ;
#423 = APPROVAL_PERSON_ORGANIZATION ( #215, #679, #639 ) ;
#424 = DIRECTION ( 'NONE',  ( 0.0000000000000000000, -1.000000000000000000, 6.802837160693357900E-017 ) ) ;
#425 = DIRECTION ( 'NONE',  ( 0.0000000000000000000, 0.0000000000000000000, 1.000000000000000000 ) ) ;
#426 = CALENDAR_DATE ( 2026, 27, 5 ) ;
#427 = PRODUCT ( 'HBLUD5', 'HBLUD5', '', ( #479 ) ) ;
#428 = FACE_OUTER_BOUND ( 'NONE', #651, .T. ) ;
#429 = CIRCLE ( 'NONE', #1313, 1.000000000000000900 ) ;
#430 = EDGE_CURVE ( 'NONE', #682, #1308, #1025, .T. ) ;
#431 = VECTOR ( 'NONE', #1176, 999.9999999999998900 ) ;
#432 = DIRECTION ( 'NONE',  ( -1.000000000000000000, -0.0000000000000000000, -0.0000000000000000000 ) ) ;
#433 = VECTOR ( 'NONE', #688, 1000.000000000000000 ) ;
#434 = CARTESIAN_POINT ( 'NONE',  ( 17.00000000000000000, 9.999999999999994700, 31.41421356237308200 ) ) ;
#435 = ADVANCED_FACE ( 'NONE', ( #349 ), #1333, .F. ) ;
#436 = ORIENTED_EDGE ( 'NONE', *, *, #324, .F. ) ;
#437 = DIRECTION ( 'NONE',  ( 0.0000000000000000000, -1.224646799147354900E-016, 1.000000000000000000 ) ) ;
#438 = VERTEX_POINT ( 'NONE', #580 ) ;
#439 = ORIENTED_EDGE ( 'NONE', *, *, #1003, .T. ) ;
#440 = PLANE ( 'NONE',  #534 ) ;
#441 = DIRECTION ( 'NONE',  ( 0.0000000000000000000, 7.096826448652420200E-017, -1.000000000000000000 ) ) ;
#442 = VERTEX_POINT ( 'NONE', #955 ) ;
#443 = CARTESIAN_POINT ( 'NONE',  ( -16.95449119350045200, 12.62797161965736900, 14.37280452403939000 ) ) ;
#444 = VERTEX_POINT ( 'NONE', #1207 ) ;
#445 = ADVANCED_FACE ( 'NONE', ( #1576 ), #419, .F. ) ;
#446 = EDGE_CURVE ( 'NONE', #360, #161, #1479, .T. ) ;
#447 = CARTESIAN_POINT ( 'NONE',  ( -16.61632454016333700, 14.09944602338402400, 12.27190205867639600 ) ) ;
#448 = DIRECTION ( 'NONE',  ( 1.000000000000000000, 0.0000000000000000000, -0.0000000000000000000 ) ) ;
#449 = VECTOR ( 'NONE', #742, 1000.000000000000000 ) ;
#450 = CARTESIAN_POINT ( 'NONE',  ( 17.00000000000000000, -1.224646799147362300E-016, 1.000000000000006900 ) ) ;
#451 = ADVANCED_FACE ( 'NONE', ( #662, #1005, #177 ), #73, .F. ) ;
#452 = CARTESIAN_POINT ( 'NONE',  ( -17.00000000000000000, 49.99999999999999300, 0.9999999999999965600 ) ) ;
#453 = LINE ( 'NONE', #566, #968 ) ;
#454 = CYLINDRICAL_SURFACE ( 'NONE', #1197, 1.000000000000000200 ) ;
#455 = VERTEX_POINT ( 'NONE', #1192 ) ;
#456 = CIRCLE ( 'NONE', #163, 1.000000000000000900 ) ;
#457 = EDGE_CURVE ( 'NONE', #463, #1304, #453, .T. ) ;
#458 = DIRECTION ( 'NONE',  ( 0.0000000000000000000, 0.0000000000000000000, 1.000000000000000000 ) ) ;
#459 = VERTEX_POINT ( 'NONE', #706 ) ;
#460 = CARTESIAN_POINT ( 'NONE',  ( 17.00100000000000100, 4.999999999999999100, 25.22182540694795300 ) ) ;
#461 = DIRECTION ( 'NONE',  ( 0.0000000000000000000, 0.2588190451025219100, 0.9659258262890678700 ) ) ;
#462 = VERTEX_POINT ( 'NONE', #1468 ) ;
#463 = VERTEX_POINT ( 'NONE', #192 ) ;
#464 = ORIENTED_EDGE ( 'NONE', *, *, #1373, .F. ) ;
#465 = CARTESIAN_POINT ( 'NONE',  ( 17.00000000000000000, 31.41421356237285400, 8.999999999999998200 ) ) ;
#466 = DIRECTION ( 'NONE',  ( -0.0000000000000000000, 1.000000000000000000, -6.802837160693362900E-017 ) ) ;
#467 = EDGE_CURVE ( 'NONE', #410, #1390, #1425, .T. ) ;
#468 = ADVANCED_FACE ( 'NONE', ( #332 ), #1383, .F. ) ;
#469 = AXIS2_PLACEMENT_3D ( 'NONE', #1525, #1012, #1189 ) ;
#470 = PRODUCT_DEFINITION_FORMATION_WITH_SPECIFIED_SOURCE ( 'ANY', '', #427, .NOT_KNOWN. ) ;
#471 = FACE_BOUND ( 'NONE', #883, .T. ) ;
#472 = LINE ( 'NONE', #234, #1061 ) ;
#473 = PERSON_AND_ORGANIZATION_ROLE ( 'design_owner' ) ;
#474 = CYLINDRICAL_SURFACE ( 'NONE', #847, 0.5000000000000004400 ) ;
#475 = CARTESIAN_POINT ( 'NONE',  ( -16.61654366323232100, 12.27236821858649700, 14.09960266510588400 ) ) ;
#476 = LINE ( 'NONE', #233, #537 ) ;
#477 = ORIENTED_EDGE ( 'NONE', *, *, #934, .F. ) ;
#478 = ORIENTED_EDGE ( 'NONE', *, *, #214, .T. ) ;
#479 = MECHANICAL_CONTEXT ( 'NONE', #341, 'mechanical' ) ;
#480 = VERTEX_POINT ( 'NONE', #1318 ) ;
#481 = DIRECTION ( 'NONE',  ( -1.000000000000000000, -0.0000000000000000000, -0.0000000000000000000 ) ) ;
#482 = CARTESIAN_POINT ( 'NONE',  ( 17.00000000000000000, 51.00000000000000000, 7.999999999999986700 ) ) ;
#483 = ORIENTED_EDGE ( 'NONE', *, *, #1402, .F. ) ;
#484 = CARTESIAN_POINT ( 'NONE',  ( 17.00000000000000000, 12.00000000000000200, 7.025062814466897600 ) ) ;
#485 = APPROVAL_STATUS ( 'not_yet_approved' ) ;
#486 = DIRECTION ( 'NONE',  ( -0.0000000000000000000, -0.0000000000000000000, 1.000000000000000000 ) ) ;
#487 = EDGE_CURVE ( 'NONE', #766, #49, #1465, .T. ) ;
#488 = APPROVAL_DATE_TIME ( #830, #1292 ) ;
#489 = CARTESIAN_POINT ( 'NONE',  ( -10.00000000000000000, -5.357777422852202100E-015, 43.75000000000000700 ) ) ;
#490 = CARTESIAN_POINT ( 'NONE',  ( 17.00000000000000000, 8.999999999999991100, 49.99999999999997900 ) ) ;
#491 = CARTESIAN_POINT ( 'NONE',  ( -17.00000000000000000, 12.00000000000000200, 6.000000000000001800 ) ) ;
#492 = LINE ( 'NONE', #24, #295 ) ;
#493 = DIRECTION ( 'NONE',  ( 0.0000000000000000000, -0.0000000000000000000, 1.000000000000000000 ) ) ;
#494 = CIRCLE ( 'NONE', #904, 0.5000000000000004400 ) ;
#495 = LINE ( 'NONE', #1410, #986 ) ;
#496 = ORIENTED_EDGE ( 'NONE', *, *, #885, .T. ) ;
#497 = FACE_OUTER_BOUND ( 'NONE', #160, .T. ) ;
#498 = CARTESIAN_POINT ( 'NONE',  ( 16.95449119350044100, 14.37275686494884600, 12.62815167295402200 ) ) ;
#499 = ORIENTED_EDGE ( 'NONE', *, *, #102, .T. ) ;
#500 = DIRECTION ( 'NONE',  ( 1.000000000000000000, 0.0000000000000000000, -0.0000000000000000000 ) ) ;
#501 = EDGE_CURVE ( 'NONE', #1111, #410, #759, .T. ) ;
#502 = ORIENTED_EDGE ( 'NONE', *, *, #852, .T. ) ;
#503 = DIRECTION ( 'NONE',  ( 0.0000000000000000000, -1.866720552071813100E-016, -1.000000000000000000 ) ) ;
#504 = ORIENTED_EDGE ( 'NONE', *, *, #12, .F. ) ;
#505 = DATE_TIME_ROLE ( 'classification_date' ) ;
#506 = PRODUCT_DEFINITION_FORMATION_WITH_SPECIFIED_SOURCE ( 'ANY', '', #981, .NOT_KNOWN. ) ;
#507 = APPROVAL_STATUS ( 'not_yet_approved' ) ;
#508 = DIRECTION ( 'NONE',  ( -1.000000000000000000, -0.0000000000000000000, 0.0000000000000000000 ) ) ;
#509 = CARTESIAN_POINT ( 'NONE',  ( -17.00000000000000000, 26.63603896932105600, 8.414213562373088700 ) ) ;
#510 = DATE_AND_TIME ( #690, #980 ) ;
#511 = EDGE_CURVE ( 'NONE', #1431, #29, #456, .T. ) ;
#512 = DATE_AND_TIME ( #344, #850 ) ;
#513 = CIRCLE ( 'NONE', #1029, 2.750000000000002700 ) ;
#514 = CC_DESIGN_DATE_AND_TIME_ASSIGNMENT ( #136, #848, ( #960 ) ) ;
#515 = CARTESIAN_POINT ( 'NONE',  ( -17.00000000000000000, 12.17720932238838200, 14.59395390399649100 ) ) ;
#516 = CONICAL_SURFACE ( 'NONE', #1564, 2.067000000000001100, 0.7853981633974442800 ) ;
#517 = CARTESIAN_POINT ( 'NONE',  ( 16.90896005524101800, 12.61163714260516900, 14.33003845026001400 ) ) ;
#518 = CYLINDRICAL_SURFACE ( 'NONE', #1210, 0.9999999999999991100 ) ;
#519 = LINE ( 'NONE', #1542, #180 ) ;
#520 = ORIENTED_EDGE ( 'NONE', *, *, #597, .T. ) ;
#521 = ORIENTED_EDGE ( 'NONE', *, *, #260, .F. ) ;
#522 = CARTESIAN_POINT ( 'NONE',  ( 16.61654366323225000, 14.09958199099167700, 12.27252754157857400 ) ) ;
#523 = EDGE_LOOP ( 'NONE', ( #227, #1467, #1388, #306 ) ) ;
#524 = EDGE_CURVE ( 'NONE', #1431, #410, #889, .T. ) ;
#525 = ORIENTED_EDGE ( 'NONE', *, *, #356, .F. ) ;
#526 = AXIS2_PLACEMENT_3D ( 'NONE', #85, #1327, #587 ) ;
#527 = CARTESIAN_POINT ( 'NONE',  ( 17.00000000000000000, 9.292893218813445000, 30.70710678118653900 ) ) ;
#528 = CARTESIAN_POINT ( 'NONE',  ( 16.60000000000000100, 12.20818373948741500, 14.09067242568875000 ) ) ;
#529 = DATE_AND_TIME ( #691, #612 ) ;
#530 = EDGE_CURVE ( 'NONE', #1156, #628, #1144, .T. ) ;
#531 = CARTESIAN_POINT ( 'NONE',  ( 16.70367313614742600, 12.43261421686950600, 14.16105778766209700 ) ) ;
#532 = CALENDAR_DATE ( 2026, 27, 5 ) ;
#533 = DIRECTION ( 'NONE',  ( -1.000000000000000000, 0.0000000000000000000, 0.0000000000000000000 ) ) ;
#534 = AXIS2_PLACEMENT_3D ( 'NONE', #884, #503, #636 ) ;
#535 = VECTOR ( 'NONE', #1371, 999.9999999999998900 ) ;
#536 = LINE ( 'NONE', #652, #1263 ) ;
#537 = VECTOR ( 'NONE', #1113, 1000.000000000000000 ) ;
#538 = ORIENTED_EDGE ( 'NONE', *, *, #1561, .F. ) ;
#539 = CARTESIAN_POINT ( 'NONE',  ( 17.00100000000000100, 13.00000000000001100, 4.999999999999993800 ) ) ;
#540 = EDGE_LOOP ( 'NONE', ( #683, #288, #268, #130 ) ) ;
#541 = CARTESIAN_POINT ( 'NONE',  ( 17.00000000000000000, 12.61200000000000200, 16.45818976715886000 ) ) ;
#542 = ORIENTED_EDGE ( 'NONE', *, *, #711, .T. ) ;
#543 = ORIENTED_EDGE ( 'NONE', *, *, #608, .F. ) ;
#544 = EDGE_CURVE ( 'NONE', #1579, #210, #1359, .T. ) ;
#545 = CARTESIAN_POINT ( 'NONE',  ( 17.00000000000000000, 12.00000000000000000, 11.99999999999999600 ) ) ;
#546 = CARTESIAN_POINT ( 'NONE',  ( -17.00000000000000000, 9.292893218813445000, 30.70710678118653900 ) ) ;
#547 = PLANE ( 'NONE',  #53 ) ;
#548 = COORDINATED_UNIVERSAL_TIME_OFFSET ( 9, 0, .AHEAD. ) ;
#549 = DATE_AND_TIME ( #426, #751 ) ;
#550 = EDGE_CURVE ( 'NONE', #1188, #284, #1085, .T. ) ;
#551 = CYLINDRICAL_SURFACE ( 'NONE', #209, 0.4999999999999987200 ) ;
#552 = DIRECTION ( 'NONE',  ( -1.000000000000000000, 0.0000000000000000000, 0.0000000000000000000 ) ) ;
#553 = LINE ( 'NONE', #1391, #1386 ) ;
#554 = CIRCLE ( 'NONE', #916, 2.099999999999999600 ) ;
#555 = CARTESIAN_POINT ( 'NONE',  ( -17.00000000000000000, 6.000000000000007100, 11.99999999999999600 ) ) ;
#556 = AXIS2_PLACEMENT_3D ( 'NONE', #421, #1312, #1306 ) ;
#557 = LINE ( 'NONE', #1009, #106 ) ;
#558 = LINE ( 'NONE', #1119, #778 ) ;
#559 = ORIENTED_EDGE ( 'NONE', *, *, #864, .T. ) ;
#560 = CARTESIAN_POINT ( 'NONE',  ( -17.00000000000000000, 1.000000000000000900, 50.99999999999999300 ) ) ;
#561 = ORIENTED_EDGE ( 'NONE', *, *, #324, .T. ) ;
#562 = CARTESIAN_POINT ( 'NONE',  ( 17.00000000000000000, 49.99999999999998600, -3.401418580346680100E-015 ) ) ;
#563 = ORIENTED_EDGE ( 'NONE', *, *, #772, .F. ) ;
#564 = ADVANCED_FACE ( 'NONE', ( #1297, #1591, #261 ), #440, .F. ) ;
#565 = ORIENTED_EDGE ( 'NONE', *, *, #170, .T. ) ;
#566 = CARTESIAN_POINT ( 'NONE',  ( 17.00100000000000100, 12.66017223553292000, 14.46454438144522900 ) ) ;
#567 = CARTESIAN_POINT ( 'NONE',  ( 16.91002336684339700, 14.33259935627907200, 12.60623034374304500 ) ) ;
#568 = AXIS2_PLACEMENT_3D ( 'NONE', #355, #626, #750 ) ;
#569 = CARTESIAN_POINT ( 'NONE',  ( -17.00000000000000000, 12.64429808510184300, 14.41554962224627100 ) ) ;
#570 = DIRECTION ( 'NONE',  ( 1.000000000000000000, 0.0000000000000000000, -0.0000000000000000000 ) ) ;
#571 = DIRECTION ( 'NONE',  ( 0.0000000000000000000, 0.0000000000000000000, 1.000000000000000000 ) ) ;
#572 = DIRECTION ( 'NONE',  ( 0.0000000000000000000, 0.0000000000000000000, 1.000000000000000000 ) ) ;
#573 = VECTOR ( 'NONE', #193, 1000.000000000000000 ) ;
#574 = EDGE_CURVE ( 'NONE', #859, #1541, #1428, .T. ) ;
#575 = LINE ( 'NONE', #1436, #240 ) ;
#576 = CARTESIAN_POINT ( 'NONE',  ( -17.00000000000000000, 49.99999999999998600, -3.401418580346680100E-015 ) ) ;
#577 = EDGE_LOOP ( 'NONE', ( #245, #602, #321, #1243 ) ) ;
#578 = ADVANCED_FACE ( 'NONE', ( #1222, #798 ), #1044, .F. ) ;
#579 = ORIENTED_EDGE ( 'NONE', *, *, #1458, .T. ) ;
#580 = CARTESIAN_POINT ( 'NONE',  ( -17.00000000000000000, 49.99999999999998600, 8.999999999999994700 ) ) ;
#581 = CARTESIAN_POINT ( 'NONE',  ( -17.00000000000000000, 49.99999999999999300, 7.999999999999994700 ) ) ;
#582 = VERTEX_POINT ( 'NONE', #1497 ) ;
#583 = EDGE_CURVE ( 'NONE', #438, #360, #553, .T. ) ;
#584 = ADVANCED_FACE ( 'NONE', ( #754 ), #1337, .F. ) ;
#585 = AXIS2_PLACEMENT_3D ( 'NONE', #1414, #661, #396 ) ;
#586 = PRODUCT_DEFINITION_SHAPE ( 'NONE', 'NONE',  #960 ) ;
#587 = DIRECTION ( 'NONE',  ( 0.0000000000000000000, 0.0000000000000000000, 1.000000000000000000 ) ) ;
#588 = DATE_AND_TIME ( #905, #1567 ) ;
#589 = CC_DESIGN_PERSON_AND_ORGANIZATION_ASSIGNMENT ( #1275, #654, ( #1554 ) ) ;
#590 = DIRECTION ( 'NONE',  ( 0.0000000000000000000, 0.0000000000000000000, 1.000000000000000000 ) ) ;
#591 = VECTOR ( 'NONE', #185, 1000.000000000000000 ) ;
#592 = DIRECTION ( 'NONE',  ( -1.000000000000000000, 0.0000000000000000000, 0.0000000000000000000 ) ) ;
#593 = VECTOR ( 'NONE', #1323, 1000.000000000000000 ) ;
#594 = ADVANCED_FACE ( 'NONE', ( #497 ), #359, .T. ) ;
#595 = VECTOR ( 'NONE', #643, 1000.000000000000000 ) ;
#596 = LINE ( 'NONE', #1374, #911 ) ;
#597 = EDGE_CURVE ( 'NONE', #55, #480, #45, .T. ) ;
#598 = ORIENTED_EDGE ( 'NONE', *, *, #934, .T. ) ;
#599 = CARTESIAN_POINT ( 'NONE',  ( -10.00000000000000000, 8.999999999999992900, 43.75000000000000700 ) ) ;
#600 = ADVANCED_BREP_SHAPE_REPRESENTATION ( '', ( #1300, #152 ), #1535 ) ;
#601 = CARTESIAN_POINT ( 'NONE',  ( -16.59999999999999800, 12.20815137293290100, 14.09067463685186000 ) ) ;
#602 = ORIENTED_EDGE ( 'NONE', *, *, #1135, .F. ) ;
#603 = ORIENTED_EDGE ( 'NONE', *, *, #487, .T. ) ;
#604 = ORIENTED_EDGE ( 'NONE', *, *, #1505, .T. ) ;
#605 = DIRECTION ( 'NONE',  ( 0.0000000000000000000, 0.0000000000000000000, -1.000000000000000000 ) ) ;
#606 = ADVANCED_FACE ( 'NONE', ( #795, #411 ), #200, .F. ) ;
#607 = CARTESIAN_POINT ( 'NONE',  ( -17.00000000000000000, -1.224646799147362300E-016, 1.000000000000006900 ) ) ;
#608 = EDGE_CURVE ( 'NONE', #1426, #18, #716, .T. ) ;
#609 = DIRECTION ( 'NONE',  ( 1.000000000000000000, 0.0000000000000000000, -0.0000000000000000000 ) ) ;
#610 = DIRECTION ( 'NONE',  ( -1.000000000000000000, -0.0000000000000000000, -0.0000000000000000000 ) ) ;
#611 = DIRECTION ( 'NONE',  ( 0.0000000000000000000, -0.0000000000000000000, -1.000000000000000000 ) ) ;
#612 = LOCAL_TIME ( 16, 48, 44.00000000000000000, #1438 ) ;
#613 = CARTESIAN_POINT ( 'NONE',  ( 17.00000000000000000, 1.000000000000006900, -2.168404344971008900E-016 ) ) ;
#614 = FACE_OUTER_BOUND ( 'NONE', #540, .T. ) ;
#615 =( NAMED_UNIT ( * ) SI_UNIT ( $, .STERADIAN. ) SOLID_ANGLE_UNIT ( ) );
#616 = CIRCLE ( 'NONE', #1462, 2.099999999999999600 ) ;
#617 = DIRECTION ( 'NONE',  ( -1.000000000000000000, -0.0000000000000000000, 0.0000000000000000000 ) ) ;
#618 = CIRCLE ( 'NONE', #1434, 1.999999999999997300 ) ;
#619 = CARTESIAN_POINT ( 'NONE',  ( 17.00000000000000000, 7.025062814466901200, 11.99999999999999600 ) ) ;
#620 = ORIENTED_EDGE ( 'NONE', *, *, #702, .T. ) ;
#621 = CARTESIAN_POINT ( 'NONE',  ( 17.00000000000000000, 31.41421356237285400, 9.999999999999998200 ) ) ;
#622 = ORIENTED_EDGE ( 'NONE', *, *, #843, .F. ) ;
#623 = AXIS2_PLACEMENT_3D ( 'NONE', #1518, #1265, #1158 ) ;
#624 = CARTESIAN_POINT ( 'NONE',  ( 17.00000000000000000, 11.99999999999999800, 12.00000000000000000 ) ) ;
#625 = ORIENTED_EDGE ( 'NONE', *, *, #511, .F. ) ;
#626 = DIRECTION ( 'NONE',  ( -1.000000000000000000, 0.0000000000000000000, 0.0000000000000000000 ) ) ;
#627 = CC_DESIGN_PERSON_AND_ORGANIZATION_ASSIGNMENT ( #117, #753, ( #470 ) ) ;
#628 = VERTEX_POINT ( 'NONE', #11 ) ;
#629 = DIRECTION ( 'NONE',  ( -0.0000000000000000000, -0.0000000000000000000, 1.000000000000000000 ) ) ;
#630 = VERTEX_POINT ( 'NONE', #484 ) ;
#631 = DIRECTION ( 'NONE',  ( 0.0000000000000000000, 1.000000000000000000, 1.866720552071837500E-016 ) ) ;
#632 = EDGE_CURVE ( 'NONE', #29, #1390, #476, .T. ) ;
#633 = APPLICATION_PROTOCOL_DEFINITION ( 'international standard', 'config_control_design', 1994, #1228 ) ;
#634 = COORDINATED_UNIVERSAL_TIME_OFFSET ( 9, 0, .AHEAD. ) ;
#635 = DIRECTION ( 'NONE',  ( -0.0000000000000000000, 6.802837160693362900E-017, 1.000000000000000000 ) ) ;
#636 = DIRECTION ( 'NONE',  ( 0.0000000000000000000, 1.000000000000000000, -1.866720552071813100E-016 ) ) ;
#637 = FACE_OUTER_BOUND ( 'NONE', #1577, .T. ) ;
#638 = ORIENTED_EDGE ( 'NONE', *, *, #1278, .F. ) ;
#639 = APPROVAL_ROLE ( '' ) ;
#640 = CIRCLE ( 'NONE', #997, 4.499999999999997300 ) ;
#641 = CARTESIAN_POINT ( 'NONE',  ( 17.00000000000000000, 31.41421356237285400, 8.999999999999998200 ) ) ;
#642 = VERTEX_POINT ( 'NONE', #1248 ) ;
#643 = DIRECTION ( 'NONE',  ( -1.000000000000000000, 0.0000000000000000000, 0.0000000000000000000 ) ) ;
#644 = EDGE_CURVE ( 'NONE', #462, #249, #1242, .T. ) ;
#645 = ORIENTED_EDGE ( 'NONE', *, *, #864, .F. ) ;
#646 = CARTESIAN_POINT ( 'NONE',  ( 17.00000000000000000, 25.22182540694796400, 6.999999999999996400 ) ) ;
#647 = ORIENTED_EDGE ( 'NONE', *, *, #1135, .T. ) ;
#648 = AXIS2_PLACEMENT_3D ( 'NONE', #1478, #1611, #1346 ) ;
#649 = DATE_TIME_ROLE ( 'creation_date' ) ;
#650 = DIRECTION ( 'NONE',  ( 0.0000000000000000000, 0.0000000000000000000, 1.000000000000000000 ) ) ;
#651 = EDGE_LOOP ( 'NONE', ( #937, #358, #1127, #375 ) ) ;
#652 = CARTESIAN_POINT ( 'NONE',  ( 17.00000000000000000, -1.224646799147362300E-016, 1.000000000000006900 ) ) ;
#653 = SECURITY_CLASSIFICATION ( '', '', #118 ) ;
#654 = PERSON_AND_ORGANIZATION_ROLE ( 'classification_officer' ) ;
#655 = CARTESIAN_POINT ( 'NONE',  ( -17.00000000000000000, 12.45000000000000300, 7.522556533020208200 ) ) ;
#656 = AXIS2_PLACEMENT_3D ( 'NONE', #255, #366, #1613 ) ;
#657 = APPROVAL_DATE_TIME ( #529, #1474 ) ;
#658 = PERSON_AND_ORGANIZATION ( #1173, #1294 ) ;
#659 = PLANE ( 'NONE',  #866 ) ;
#660 = LINE ( 'NONE', #939, #1334 ) ;
#661 = DIRECTION ( 'NONE',  ( -1.000000000000000000, -0.0000000000000000000, -0.0000000000000000000 ) ) ;
#662 = FACE_BOUND ( 'NONE', #1152, .T. ) ;
#663 = FACE_OUTER_BOUND ( 'NONE', #731, .T. ) ;
#664 = DIRECTION ( 'NONE',  ( 0.0000000000000000000, 0.0000000000000000000, 1.000000000000000000 ) ) ;
#665 = ORIENTED_EDGE ( 'NONE', *, *, #335, .F. ) ;
#666 = ORIENTED_EDGE ( 'NONE', *, *, #1335, .T. ) ;
#667 = CARTESIAN_POINT ( 'NONE',  ( 16.81909231777628100, 12.55646872337324800, 14.25236184112930700 ) ) ;
#668 = EDGE_LOOP ( 'NONE', ( #35, #915, #52, #1603 ) ) ;
#669 = EDGE_CURVE ( 'NONE', #1308, #630, #558, .T. ) ;
#670 = DIRECTION ( 'NONE',  ( -1.000000000000000000, 0.0000000000000000000, 0.0000000000000000000 ) ) ;
#671 = ORIENTED_EDGE ( 'NONE', *, *, #801, .T. ) ;
#672 = AXIS2_PLACEMENT_3D ( 'NONE', #1617, #1484, #97 ) ;
#673 = EDGE_CURVE ( 'NONE', #1308, #1544, #596, .T. ) ;
#674 = FACE_OUTER_BOUND ( 'NONE', #523, .T. ) ;
#675 = DIRECTION ( 'NONE',  ( -0.0000000000000000000, -1.866720552071836800E-016, 1.000000000000000000 ) ) ;
#676 = AXIS2_PLACEMENT_3D ( 'NONE', #1446, #839, #1066 ) ;
#677 = CIRCLE ( 'NONE', #748, 0.5000000000000004400 ) ;
#678 = LINE ( 'NONE', #1464, #1223 ) ;
#679 = APPROVAL ( #1139, 'UNSPECIFIED' ) ;
#680 = ORIENTED_EDGE ( 'NONE', *, *, #1035, .F. ) ;
#681 = CARTESIAN_POINT ( 'NONE',  ( 17.00000000000000000, 25.22182540694796400, 4.999999999999997300 ) ) ;
#682 = VERTEX_POINT ( 'NONE', #882 ) ;
#683 = ORIENTED_EDGE ( 'NONE', *, *, #1187, .T. ) ;
#684 = VERTEX_POINT ( 'NONE', #1000 ) ;
#685 = EDGE_LOOP ( 'NONE', ( #988, #786, #1445, #802 ) ) ;
#686 = DIRECTION ( 'NONE',  ( 1.000000000000000000, 0.0000000000000000000, -0.0000000000000000000 ) ) ;
#687 = EDGE_CURVE ( 'NONE', #247, #766, #107, .T. ) ;
#688 = DIRECTION ( 'NONE',  ( -0.0000000000000000000, 1.224646799147353700E-016, -1.000000000000000000 ) ) ;
#689 = CARTESIAN_POINT ( 'NONE',  ( 17.00100000000000100, 14.46453092683341200, 12.66036907156652800 ) ) ;
#690 = CALENDAR_DATE ( 2026, 27, 5 ) ;
#691 = CALENDAR_DATE ( 2026, 27, 5 ) ;
#692 = EDGE_CURVE ( 'NONE', #944, #944, #1502, .T. ) ;
#693 = CARTESIAN_POINT ( 'NONE',  ( 17.00000000000000000, 0.9999999999999940000, 49.99999999999998600 ) ) ;
#694 = DIRECTION ( 'NONE',  ( 0.0000000000000000000, 1.000000000000000000, 2.838730579460967600E-016 ) ) ;
#695 = LINE ( 'NONE', #93, #983 ) ;
#696 = CIRCLE ( 'NONE', #1604, 1.000000000000000900 ) ;
#697 = EDGE_LOOP ( 'NONE', ( #1131 ) ) ;
#698 = DIRECTION ( 'NONE',  ( 0.0000000000000000000, 0.0000000000000000000, 1.000000000000000000 ) ) ;
#699 = ORIENTED_EDGE ( 'NONE', *, *, #1205, .T. ) ;
#700 = CARTESIAN_POINT ( 'NONE',  ( 17.00100000000000100, 12.50000000000000200, 7.025062814466897600 ) ) ;
#701 = ORIENTED_EDGE ( 'NONE', *, *, #170, .F. ) ;
#702 = EDGE_CURVE ( 'NONE', #1396, #54, #1166, .T. ) ;
#703 = ORIENTED_EDGE ( 'NONE', *, *, #692, .F. ) ;
#704 = AXIS2_PLACEMENT_3D ( 'NONE', #113, #629, #116 ) ;
#705 = CC_DESIGN_PERSON_AND_ORGANIZATION_ASSIGNMENT ( #101, #269, ( #653 ) ) ;
#706 = CARTESIAN_POINT ( 'NONE',  ( -17.00000000000000000, 12.00000000000000200, 7.025062814466897600 ) ) ;
#707 = ORIENTED_EDGE ( 'NONE', *, *, #374, .T. ) ;
#708 = CARTESIAN_POINT ( 'NONE',  ( -17.00000000000000000, 9.999999999999994700, 31.41421356237308200 ) ) ;
#709 = PERSON_AND_ORGANIZATION ( #1173, #1294 ) ;
#710 = CYLINDRICAL_SURFACE ( 'NONE', #273, 2.750000000000000900 ) ;
#711 = EDGE_CURVE ( 'NONE', #1156, #444, #696, .T. ) ;
#712 = CARTESIAN_POINT ( 'NONE',  ( 17.00000000000000000, 1.000000000000000900, 50.99999999999999300 ) ) ;
#713 = FACE_OUTER_BOUND ( 'NONE', #1097, .T. ) ;
#714 = CARTESIAN_POINT ( 'NONE',  ( 17.00000000000000000, 49.99999999999998600, 8.999999999999994700 ) ) ;
#715 = EDGE_LOOP ( 'NONE', ( #370, #75, #201, #758 ) ) ;
#716 = LINE ( 'NONE', #740, #407 ) ;
#717 = ORIENTED_EDGE ( 'NONE', *, *, #1045, .F. ) ;
#718 = ADVANCED_FACE ( 'NONE', ( #663 ), #242, .T. ) ;
#719 = ORIENTED_EDGE ( 'NONE', *, *, #1452, .F. ) ;
#720 = DIRECTION ( 'NONE',  ( 0.0000000000000000000, -1.866552603767656400E-016, 1.000000000000000000 ) ) ;
#721 = EDGE_CURVE ( 'NONE', #582, #859, #316, .T. ) ;
#722 = CARTESIAN_POINT ( 'NONE',  ( 17.00000000000000000, 26.63603896932105600, 8.414213562373088700 ) ) ;
#723 = DIRECTION ( 'NONE',  ( 0.0000000000000000000, 0.0000000000000000000, 1.000000000000000000 ) ) ;
#724 = ADVANCED_FACE ( 'NONE', ( #388, #1615 ), #1397, .T. ) ;
#725 = ORGANIZATION ( 'NAUO-ORG1', 'UNSPECIFIED', 'UNSPECIFIED' ) ;
#726 = CC_DESIGN_SECURITY_CLASSIFICATION ( #653, ( #470 ) ) ;
#727 = PERSON_AND_ORGANIZATION ( #1173, #1294 ) ;
#728 = CARTESIAN_POINT ( 'NONE',  ( -17.00000000000000000, 7.999999999999983100, 50.99999999999999300 ) ) ;
#729 = CYLINDRICAL_SURFACE ( 'NONE', #1056, 4.499999999999997300 ) ;
#730 = B_SPLINE_CURVE_WITH_KNOTS ( 'NONE', 3,
 ( #569, #443, #1104, #212, #1118, #353, #1596, #475, #601, #1225 ),
 .UNSPECIFIED., .F., .F.,
 ( 4, 2, 2, 2, 4 ),
 ( 2.797066905109871500E-007, 0.0001912231049612192600, 0.0003821665032319275100, 0.0005731099015026358100, 0.0007640532997733440600 ),
 .UNSPECIFIED. ) ;
#731 = EDGE_LOOP ( 'NONE', ( #336, #1578, #125, #464, #320, #1364 ) ) ;
#732 = VECTOR ( 'NONE', #149, 1000.000000000000000 ) ;
#733 = EDGE_CURVE ( 'NONE', #1620, #110, #618, .T. ) ;
#734 = EDGE_LOOP ( 'NONE', ( #122, #762, #1324, #603 ) ) ;
#735 = DIRECTION ( 'NONE',  ( 1.000000000000000000, 0.0000000000000000000, 0.0000000000000000000 ) ) ;
#736 = ADVANCED_FACE ( 'NONE', ( #837 ), #1282, .T. ) ;
#737 = EDGE_LOOP ( 'NONE', ( #622 ) ) ;
#738 = CARTESIAN_POINT ( 'NONE',  ( 17.00000000000000000, 49.99999999999999300, 7.999999999999994700 ) ) ;
#739 = ORIENTED_EDGE ( 'NONE', *, *, #1017, .T. ) ;
#740 = CARTESIAN_POINT ( 'NONE',  ( 17.00100000000000100, 13.02696291314453700, 15.83342582603439100 ) ) ;
#741 = ORIENTED_EDGE ( 'NONE', *, *, #1481, .F. ) ;
#742 = DIRECTION ( 'NONE',  ( -1.000000000000000000, 0.0000000000000000000, 0.0000000000000000000 ) ) ;
#743 = DIRECTION ( 'NONE',  ( -0.0000000000000000000, 1.000000000000000000, 1.866720552071837500E-016 ) ) ;
#744 = ORIENTED_EDGE ( 'NONE', *, *, #953, .F. ) ;
#745 = DIRECTION ( 'NONE',  ( 0.0000000000000000000, 0.0000000000000000000, 1.000000000000000000 ) ) ;
#746 = EDGE_CURVE ( 'NONE', #110, #1015, #350, .T. ) ;
#747 = DESIGN_CONTEXT ( 'detailed design', #1377, 'design' ) ;
#748 = AXIS2_PLACEMENT_3D ( 'NONE', #253, #1514, #650 ) ;
#749 = CARTESIAN_POINT ( 'NONE',  ( 17.00000000000000000, 14.41550072413439300, 12.64448138197020000 ) ) ;
#750 = DIRECTION ( 'NONE',  ( 0.0000000000000000000, 0.0000000000000000000, 1.000000000000000000 ) ) ;
#751 = LOCAL_TIME ( 16, 48, 44.00000000000000000, #61 ) ;
#752 = CIRCLE ( 'NONE', #1169, 0.5000000000000022200 ) ;
#753 = PERSON_AND_ORGANIZATION_ROLE ( 'creator' ) ;
#754 = FACE_OUTER_BOUND ( 'NONE', #1226, .T. ) ;
#755 = DIRECTION ( 'NONE',  ( 0.0000000000000000000, 0.0000000000000000000, 1.000000000000000000 ) ) ;
#756 = CIRCLE ( 'NONE', #400, 2.750000000000002700 ) ;
#757 = EDGE_CURVE ( 'NONE', #1507, #1488, #495, .T. ) ;
#758 = ORIENTED_EDGE ( 'NONE', *, *, #1164, .F. ) ;
#759 = LINE ( 'NONE', #1566, #927 ) ;
#760 = AXIS2_PLACEMENT_3D ( 'NONE', #1570, #1585, #698 ) ;
#761 = SECURITY_CLASSIFICATION_LEVEL ( 'unclassified' ) ;
#762 = ORIENTED_EDGE ( 'NONE', *, *, #39, .F. ) ;
#763 = CARTESIAN_POINT ( 'NONE',  ( 17.00000000000000000, 49.99999999999998600, -3.401418580346680100E-015 ) ) ;
#764 = DIRECTION ( 'NONE',  ( -1.000000000000000000, -0.0000000000000000000, 0.0000000000000000000 ) ) ;
#765 = CC_DESIGN_DATE_AND_TIME_ASSIGNMENT ( #512, #649, ( #413 ) ) ;
#766 = VERTEX_POINT ( 'NONE', #1270 ) ;
#767 = DIRECTION ( 'NONE',  ( 0.0000000000000000000, 0.0000000000000000000, 1.000000000000000000 ) ) ;
#768 = APPLICATION_PROTOCOL_DEFINITION ( 'international standard', 'config_control_design', 1994, #1377 ) ;
#769 = CARTESIAN_POINT ( 'NONE',  ( 17.00100000000000100, 8.414213562373095800, 26.63603896932105300 ) ) ;
#770 = CARTESIAN_POINT ( 'NONE',  ( 16.60000000000000100, 12.14313060654446600, 14.09511661476639700 ) ) ;
#771 = CARTESIAN_POINT ( 'NONE',  ( 17.00000000000000000, 7.999999999999991100, 49.99999999999998600 ) ) ;
#772 = EDGE_CURVE ( 'NONE', #455, #18, #264, .T. ) ;
#773 = SECURITY_CLASSIFICATION_LEVEL ( 'unclassified' ) ;
#774 = APPROVAL_PERSON_ORGANIZATION ( #1080, #100, #1130 ) ;
#775 = CARTESIAN_POINT ( 'NONE',  ( 10.00000000000000000, -5.020999553086678800E-015, 41.00000000000000000 ) ) ;
#776 = CARTESIAN_POINT ( 'NONE',  ( 17.00000000000000000, 12.64429808510184300, 14.41554962224627100 ) ) ;
#777 = FACE_BOUND ( 'NONE', #697, .T. ) ;
#778 = VECTOR ( 'NONE', #364, 1000.000000000000000 ) ;
#779 = CARTESIAN_POINT ( 'NONE',  ( 17.00000000000000000, 13.02696291314453700, 15.83342582603439100 ) ) ;
#780 = ORIENTED_EDGE ( 'NONE', *, *, #1422, .F. ) ;
#781 = PLANE ( 'NONE',  #1347 ) ;
#782 = EDGE_CURVE ( 'NONE', #974, #1415, #1461, .T. ) ;
#783 = EDGE_LOOP ( 'NONE', ( #184 ) ) ;
#784 = VERTEX_POINT ( 'NONE', #281 ) ;
#785 = EDGE_LOOP ( 'NONE', ( #44, #995, #299, #77 ) ) ;
#786 = ORIENTED_EDGE ( 'NONE', *, *, #204, .F. ) ;
#787 = DIRECTION ( 'NONE',  ( 1.000000000000000000, 0.0000000000000000000, -0.0000000000000000000 ) ) ;
#788 = EDGE_CURVE ( 'NONE', #1287, #931, #1026, .T. ) ;
#789 = CARTESIAN_POINT ( 'NONE',  ( 16.66845657233723100, 12.38383083871477600, 14.13486593693416000 ) ) ;
#790 = DIRECTION ( 'NONE',  ( 0.0000000000000000000, 0.0000000000000000000, 1.000000000000000000 ) ) ;
#791 = EDGE_CURVE ( 'NONE', #784, #1616, #1444, .T. ) ;
#792 = VERTEX_POINT ( 'NONE', #1224 ) ;
#793 = CC_DESIGN_PERSON_AND_ORGANIZATION_ASSIGNMENT ( #727, #252, ( #981 ) ) ;
#794 = DIRECTION ( 'NONE',  ( 0.0000000000000000000, 0.0000000000000000000, 1.000000000000000000 ) ) ;
#795 = FACE_OUTER_BOUND ( 'NONE', #1447, .T. ) ;
#796 = DIRECTION ( 'NONE',  ( 0.0000000000000000000, 0.0000000000000000000, 1.000000000000000000 ) ) ;
#797 = ORIENTED_EDGE ( 'NONE', *, *, #397, .F. ) ;
#798 = FACE_OUTER_BOUND ( 'NONE', #372, .T. ) ;
#799 = ORIENTED_EDGE ( 'NONE', *, *, #1288, .T. ) ;
#800 = EDGE_LOOP ( 'NONE', ( #1509, #879, #543, #744 ) ) ;
#801 = EDGE_CURVE ( 'NONE', #1599, #210, #28, .T. ) ;
#802 = ORIENTED_EDGE ( 'NONE', *, *, #733, .F. ) ;
#803 = SECURITY_CLASSIFICATION ( '', '', #773 ) ;
#804 = PLANE ( 'NONE',  #1159 ) ;
#805 = DIRECTION ( 'NONE',  ( -0.0000000000000000000, -1.866720552071836800E-016, 1.000000000000000000 ) ) ;
#806 = CARTESIAN_POINT ( 'NONE',  ( -17.00000000000000000, 12.00000000000000000, 11.99999999999999600 ) ) ;
#807 = B_SPLINE_CURVE_WITH_KNOTS ( 'NONE', 3,
 ( #749, #498, #567, #50, #818, #1311, #1155, #522, #1273, #1440 ),
 .UNSPECIFIED., .F., .F.,
 ( 4, 2, 2, 2, 4 ),
 ( 2.797066905144048200E-007, 0.0001912231049612881600, 0.0003821665032320619500, 0.0005731099015028357400, 0.0007640532997736094700 ),
 .UNSPECIFIED. ) ;
#808 = EDGE_CURVE ( 'NONE', #859, #1412, #948, .T. ) ;
#809 = DIRECTION ( 'NONE',  ( 0.0000000000000000000, 0.0000000000000000000, 1.000000000000000000 ) ) ;
#810 = CARTESIAN_POINT ( 'NONE',  ( 17.00100000000000100, 12.66017223553292000, 14.46454438144522900 ) ) ;
#811 = DIRECTION ( 'NONE',  ( 1.000000000000000000, 0.0000000000000000000, 0.0000000000000000000 ) ) ;
#812 = AXIS2_PLACEMENT_3D ( 'NONE', #452, #951, #959 ) ;
#813 = LINE ( 'NONE', #1002, #137 ) ;
#814 = CYLINDRICAL_SURFACE ( 'NONE', #22, 2.750000000000002700 ) ;
#815 = CIRCLE ( 'NONE', #1526, 2.000000000000001800 ) ;
#816 = CARTESIAN_POINT ( 'NONE',  ( 17.00000000000000000, 7.522556533020211800, 12.44999999999999600 ) ) ;
#817 = CIRCLE ( 'NONE', #134, 2.750000000000000900 ) ;
#818 = CARTESIAN_POINT ( 'NONE',  ( 16.78105436038593700, 14.22224296195950000, 12.51574560023607000 ) ) ;
#819 = EDGE_LOOP ( 'NONE', ( #390, #188, #112, #1504, #821, #202 ) ) ;
#820 = CARTESIAN_POINT ( 'NONE',  ( 10.00000000000000000, 41.00000000000000000, 9.000000000000003600 ) ) ;
#821 = ORIENTED_EDGE ( 'NONE', *, *, #757, .T. ) ;
#822 = EDGE_LOOP ( 'NONE', ( #717, #1266, #525, #699 ) ) ;
#823 = DIRECTION ( 'NONE',  ( -1.000000000000000000, -0.0000000000000000000, -0.0000000000000000000 ) ) ;
#824 = ADVANCED_FACE ( 'NONE', ( #1356 ), #1125, .F. ) ;
#825 = ORIENTED_EDGE ( 'NONE', *, *, #994, .F. ) ;
#826 = DIRECTION ( 'NONE',  ( 0.0000000000000000000, -0.2588190451025219100, -0.9659258262890678700 ) ) ;
#827 = CARTESIAN_POINT ( 'NONE',  ( -17.00000000000000000, 31.41421356237285400, 9.999999999999998200 ) ) ;
#828 = DIRECTION ( 'NONE',  ( -1.000000000000000000, 0.0000000000000000000, 0.0000000000000000000 ) ) ;
#829 = DIRECTION ( 'NONE',  ( -1.000000000000000000, 0.0000000000000000000, 0.0000000000000000000 ) ) ;
#830 = DATE_AND_TIME ( #1350, #1496 ) ;
#831 = EDGE_CURVE ( 'NONE', #912, #286, #874, .T. ) ;
#832 = SHAPE_REPRESENTATION_RELATIONSHIP ( 'NONE' , 'NONE' ,  #1160, #600 ) ;
#833 = CARTESIAN_POINT ( 'NONE',  ( -16.59999999999999800, 14.09510574757992500, 12.14328958949468900 ) ) ;
#834 = DIRECTION ( 'NONE',  ( 0.0000000000000000000, 0.0000000000000000000, 1.000000000000000000 ) ) ;
#835 = FACE_OUTER_BOUND ( 'NONE', #1325, .T. ) ;
#836 = LINE ( 'NONE', #1019, #595 ) ;
#837 = FACE_OUTER_BOUND ( 'NONE', #1229, .T. ) ;
#838 = VERTEX_POINT ( 'NONE', #1037 ) ;
#839 = DIRECTION ( 'NONE',  ( 1.000000000000000000, 0.0000000000000000000, -0.0000000000000000000 ) ) ;
#840 = ORIENTED_EDGE ( 'NONE', *, *, #721, .F. ) ;
#841 = ADVANCED_FACE ( 'NONE', ( #1597 ), #1430, .T. ) ;
#842 = ORIENTED_EDGE ( 'NONE', *, *, #405, .T. ) ;
#843 = EDGE_CURVE ( 'NONE', #792, #792, #817, .T. ) ;
#844 = ORIENTED_EDGE ( 'NONE', *, *, #1164, .T. ) ;
#845 = ORIENTED_EDGE ( 'NONE', *, *, #1256, .F. ) ;
#846 = CARTESIAN_POINT ( 'NONE',  ( -17.00000000000000000, 14.59394044938467200, 12.17740615842199700 ) ) ;
#847 = AXIS2_PLACEMENT_3D ( 'NONE', #379, #30, #1268 ) ;
#848 = DATE_TIME_ROLE ( 'creation_date' ) ;
#849 = CARTESIAN_POINT ( 'NONE',  ( 17.00100000000000100, 12.00000000000000000, 11.99999999999999600 ) ) ;
#850 = LOCAL_TIME ( 16, 48, 44.00000000000000000, #1198 ) ;
#851 = VECTOR ( 'NONE', #828, 1000.000000000000000 ) ;
#852 = EDGE_CURVE ( 'NONE', #1412, #247, #1521, .T. ) ;
#853 = CIRCLE ( 'NONE', #1405, 0.5000000000000004400 ) ;
#854 = DIRECTION ( 'NONE',  ( 0.0000000000000000000, 0.0000000000000000000, 1.000000000000000000 ) ) ;
#855 = ADVANCED_FACE ( 'NONE', ( #1264 ), #930, .T. ) ;
#856 = LINE ( 'NONE', #491, #1482 ) ;
#857 = DIRECTION ( 'NONE',  ( 0.0000000000000000000, 0.0000000000000000000, 1.000000000000000000 ) ) ;
#858 = ORIENTED_EDGE ( 'NONE', *, *, #1505, .F. ) ;
#859 = VERTEX_POINT ( 'NONE', #1055 ) ;
#860 =( NAMED_UNIT ( * ) PLANE_ANGLE_UNIT ( ) SI_UNIT ( $, .RADIAN. ) );
#861 = EDGE_LOOP ( 'NONE', ( #739, #398, #1489, #265 ) ) ;
#862 = ORIENTED_EDGE ( 'NONE', *, *, #914, .T. ) ;
#863 = ADVANCED_FACE ( 'NONE', ( #1185 ), #547, .F. ) ;
#864 = EDGE_CURVE ( 'NONE', #415, #1396, #1556, .T. ) ;
#865 =( LENGTH_UNIT ( ) NAMED_UNIT ( * ) SI_UNIT ( .MILLI., .METRE. ) );
#866 = AXIS2_PLACEMENT_3D ( 'NONE', #810, #146, #1437 ) ;
#867 = CARTESIAN_POINT ( 'NONE',  ( 17.00000000000000000, 49.99999999999999300, 7.999999999999994700 ) ) ;
#868 = PERSON_AND_ORGANIZATION ( #1173, #1294 ) ;
#869 = CARTESIAN_POINT ( 'NONE',  ( 0.0000000000000000000, 0.0000000000000000000, 0.0000000000000000000 ) ) ;
#870 = DIRECTION ( 'NONE',  ( 0.0000000000000000000, -1.000000000000000000, -1.224646799147353900E-016 ) ) ;
#871 = EDGE_CURVE ( 'NONE', #838, #455, #640, .T. ) ;
#872 = CYLINDRICAL_SURFACE ( 'NONE', #187, 2.099999999999999600 ) ;
#873 = DIRECTION ( 'NONE',  ( -1.000000000000000000, -0.0000000000000000000, -0.0000000000000000000 ) ) ;
#874 = CIRCLE ( 'NONE', #556, 4.499999999999997300 ) ;
#875 = AXIS2_PLACEMENT_3D ( 'NONE', #272, #907, #147 ) ;
#876 = ORIENTED_EDGE ( 'NONE', *, *, #1078, .F. ) ;
#877 = APPROVAL_STATUS ( 'not_yet_approved' ) ;
#878 = DIRECTION ( 'NONE',  ( -1.000000000000000000, 0.0000000000000000000, 0.0000000000000000000 ) ) ;
#879 = ORIENTED_EDGE ( 'NONE', *, *, #975, .F. ) ;
#880 = APPROVAL ( #507, 'UNSPECIFIED' ) ;
#881 = ORIENTED_EDGE ( 'NONE', *, *, #782, .F. ) ;
#882 = CARTESIAN_POINT ( 'NONE',  ( 17.00000000000000000, 13.00000000000001100, 4.999999999999993800 ) ) ;
#883 = EDGE_LOOP ( 'NONE', ( #1093 ) ) ;
#884 = CARTESIAN_POINT ( 'NONE',  ( 17.00000000000000000, 31.41421356237285400, 8.999999999999998200 ) ) ;
#885 = EDGE_CURVE ( 'NONE', #1483, #49, #519, .T. ) ;
#886 = PLANE ( 'NONE',  #377 ) ;
#887 = LOCAL_TIME ( 16, 48, 44.00000000000000000, #403 ) ;
#888 = DATE_TIME_ROLE ( 'classification_date' ) ;
#889 = LINE ( 'NONE', #1086, #329 ) ;
#890 = LINE ( 'NONE', #62, #408 ) ;
#891 = DIRECTION ( 'NONE',  ( 1.000000000000000000, 0.0000000000000000000, -0.0000000000000000000 ) ) ;
#892 = EDGE_CURVE ( 'NONE', #1390, #1091, #1107, .T. ) ;
#893 = VECTOR ( 'NONE', #1253, 1000.000000000000000 ) ;
#894 = CARTESIAN_POINT ( 'NONE',  ( 17.00100000000000100, 25.22182540694796400, 4.999999999999997300 ) ) ;
#895 = ORIENTED_EDGE ( 'NONE', *, *, #669, .F. ) ;
#896 = AXIS2_PLACEMENT_3D ( 'NONE', #867, #232, #111 ) ;
#897 = ORIENTED_EDGE ( 'NONE', *, *, #1309, .T. ) ;
#898 = DIRECTION ( 'NONE',  ( -1.000000000000000000, -0.0000000000000000000, -0.0000000000000000000 ) ) ;
#899 = ORIENTED_EDGE ( 'NONE', *, *, #1561, .T. ) ;
#900 = CARTESIAN_POINT ( 'NONE',  ( -17.00000000000000000, 49.99999999999999300, 7.999999999999994700 ) ) ;
#901 = ORIENTED_EDGE ( 'NONE', *, *, #1278, .T. ) ;
#902 = DIRECTION ( 'NONE',  ( 0.0000000000000000000, -1.000000000000000000, -1.866720552071836800E-016 ) ) ;
#903 = DIRECTION ( 'NONE',  ( 0.0000000000000000000, 0.0000000000000000000, 1.000000000000000000 ) ) ;
#904 = AXIS2_PLACEMENT_3D ( 'NONE', #1274, #384, #285 ) ;
#905 = CALENDAR_DATE ( 2026, 27, 5 ) ;
#906 = LOCAL_TIME ( 16, 48, 44.00000000000000000, #173 ) ;
#907 = DIRECTION ( 'NONE',  ( 1.000000000000000000, 0.0000000000000000000, -0.0000000000000000000 ) ) ;
#908 = LINE ( 'NONE', #460, #449 ) ;
#909 = LINE ( 'NONE', #465, #573 ) ;
#910 = VECTOR ( 'NONE', #1163, 1000.000000000000000 ) ;
#911 = VECTOR ( 'NONE', #1360, 1000.000000000000000 ) ;
#912 = VERTEX_POINT ( 'NONE', #541 ) ;
#913 = CARTESIAN_POINT ( 'NONE',  ( -17.00000000000000000, 8.999999999999996400, 31.41421356237308200 ) ) ;
#914 = EDGE_CURVE ( 'NONE', #462, #1156, #1064, .T. ) ;
#915 = ORIENTED_EDGE ( 'NONE', *, *, #788, .F. ) ;
#916 = AXIS2_PLACEMENT_3D ( 'NONE', #1618, #1238, #723 ) ;
#917 = ORIENTED_EDGE ( 'NONE', *, *, #746, .T. ) ;
#918 = ORIENTED_EDGE ( 'NONE', *, *, #1035, .T. ) ;
#919 = DIRECTION ( 'NONE',  ( 0.0000000000000000000, 0.0000000000000000000, 1.000000000000000000 ) ) ;
#920 = UNCERTAINTY_MEASURE_WITH_UNIT (LENGTH_MEASURE( 1.000000000000000100E-005 ), #865, 'distance_accuracy_value', 'NONE');
#921 = EDGE_CURVE ( 'NONE', #1559, #1483, #1087, .T. ) ;
#922 = DIRECTION ( 'NONE',  ( -1.000000000000000000, 0.0000000000000000000, 0.0000000000000000000 ) ) ;
#923 = AXIS2_PLACEMENT_3D ( 'NONE', #1510, #250, #767 ) ;
#924 = CONTEXT_DEPENDENT_SHAPE_REPRESENTATION ( #246, #37 ) ;
#925 = CC_DESIGN_PERSON_AND_ORGANIZATION_ASSIGNMENT ( #1513, #378, ( #413 ) ) ;
#926 = CARTESIAN_POINT ( 'NONE',  ( 17.00000000000000000, 12.45000000000000300, 7.522556533020208200 ) ) ;
#927 = VECTOR ( 'NONE', #1214, 1000.000000000000000 ) ;
#928 = FACE_OUTER_BOUND ( 'NONE', #1384, .T. ) ;
#929 = DIRECTION ( 'NONE',  ( -0.0000000000000000000, -0.0000000000000000000, 1.000000000000000000 ) ) ;
#930 = CYLINDRICAL_SURFACE ( 'NONE', #1328, 4.499999999999997300 ) ;
#931 = VERTEX_POINT ( 'NONE', #409 ) ;
#932 = DIRECTION ( 'NONE',  ( -1.000000000000000000, 0.0000000000000000000, 0.0000000000000000000 ) ) ;
#933 = ORIENTED_EDGE ( 'NONE', *, *, #583, .T. ) ;
#934 = EDGE_CURVE ( 'NONE', #630, #459, #890, .T. ) ;
#935 = CARTESIAN_POINT ( 'NONE',  ( 17.00000000000000000, 49.99999999999999300, 0.9999999999999965600 ) ) ;
#936 = ORIENTED_EDGE ( 'NONE', *, *, #120, .T. ) ;
#937 = ORIENTED_EDGE ( 'NONE', *, *, #1078, .T. ) ;
#938 = CARTESIAN_POINT ( 'NONE',  ( 17.00000000000000000, 7.000000000000000000, 25.22182540694795300 ) ) ;
#939 = CARTESIAN_POINT ( 'NONE',  ( 17.00100000000000100, 7.522556533020211800, 12.44999999999999600 ) ) ;
#940 = EDGE_CURVE ( 'NONE', #931, #1545, #1105, .T. ) ;
#941 = DIRECTION ( 'NONE',  ( 0.0000000000000000000, 0.0000000000000000000, 1.000000000000000000 ) ) ;
#942 = APPROVAL_DATE_TIME ( #549, #100 ) ;
#943 = AXIS2_PLACEMENT_3D ( 'NONE', #189, #823, #590 ) ;
#944 = VERTEX_POINT ( 'NONE', #1605 ) ;
#945 = CYLINDRICAL_SURFACE ( 'NONE', #648, 1.000000000000000000 ) ;
#946 = LINE ( 'NONE', #1529, #387 ) ;
#947 = DIRECTION ( 'NONE',  ( -1.000000000000000000, 0.0000000000000000000, 0.0000000000000000000 ) ) ;
#948 = LINE ( 'NONE', #562, #1149 ) ;
#949 = CARTESIAN_POINT ( 'NONE',  ( -17.00000000000000000, 7.000000000000000000, 25.22182540694795300 ) ) ;
#950 = ORIENTED_EDGE ( 'NONE', *, *, #953, .T. ) ;
#951 = DIRECTION ( 'NONE',  ( 1.000000000000000000, 0.0000000000000000000, 0.0000000000000000000 ) ) ;
#952 = ORIENTED_EDGE ( 'NONE', *, *, #687, .F. ) ;
#953 = EDGE_CURVE ( 'NONE', #463, #1426, #1592, .T. ) ;
#954 = ORIENTED_EDGE ( 'NONE', *, *, #487, .F. ) ;
#955 = CARTESIAN_POINT ( 'NONE',  ( 16.60000000000000100, 12.14313060654446600, 14.09511661476639700 ) ) ;
#956 = CARTESIAN_POINT ( 'NONE',  ( 17.00000000000000000, 1.000000000000000900, 50.99999999999999300 ) ) ;
#957 = AXIS2_PLACEMENT_3D ( 'NONE', #482, #1357, #611 ) ;
#958 = ORIENTED_EDGE ( 'NONE', *, *, #574, .F. ) ;
#959 = DIRECTION ( 'NONE',  ( 0.0000000000000000000, 0.0000000000000000000, -1.000000000000000000 ) ) ;
#960 = PRODUCT_DEFINITION ( 'UNKNOWN', '', #470, #1272 ) ;
#961 = CARTESIAN_POINT ( 'NONE',  ( 17.00000000000000000, 4.999999999999999100, 13.00000000000000500 ) ) ;
#962 = EDGE_CURVE ( 'NONE', #286, #838, #660, .T. ) ;
#963 = VECTOR ( 'NONE', #92, 1000.000000000000000 ) ;
#964 = CARTESIAN_POINT ( 'NONE',  ( -17.00000000000000000, 1.000000000000006900, -2.168404344971008900E-016 ) ) ;
#965 = ADVANCED_FACE ( 'NONE', ( #637 ), #1519, .F. ) ;
#966 = FACE_OUTER_BOUND ( 'NONE', #1362, .T. ) ;
#967 = DIRECTION ( 'NONE',  ( 1.000000000000000000, 0.0000000000000000000, -0.0000000000000000000 ) ) ;
#968 = VECTOR ( 'NONE', #947, 1000.000000000000000 ) ;
#969 = CIRCLE ( 'NONE', #251, 0.5000000000000004400 ) ;
#970 = ORIENTED_EDGE ( 'NONE', *, *, #1375, .T. ) ;
#971 = APPROVAL_STATUS ( 'not_yet_approved' ) ;
#972 = EDGE_LOOP ( 'NONE', ( #666, #1528, #1338, #950, #918, #1252, #1247, #520, #1232, #363, #1034, #897, #1307, #842, #68, #108, #1047, #559, #936, #844 ) ) ;
#973 = ADVANCED_FACE ( 'NONE', ( #220 ), #1587, .T. ) ;
#974 = VERTEX_POINT ( 'NONE', #961 ) ;
#975 = EDGE_CURVE ( 'NONE', #18, #1304, #678, .T. ) ;
#976 =( LENGTH_UNIT ( ) NAMED_UNIT ( * ) SI_UNIT ( .MILLI., .METRE. ) );
#977 = AXIS2_PLACEMENT_3D ( 'NONE', #1622, #631, #755 ) ;
#978 = CARTESIAN_POINT ( 'NONE',  ( -17.00000000000000000, 15.83339928194317800, 13.02715624186270400 ) ) ;
#979 = ADVANCED_FACE ( 'NONE', ( #1183 ), #330, .F. ) ;
#980 = LOCAL_TIME ( 16, 48, 44.00000000000000000, #1178 ) ;
#981 = PRODUCT ( 'BRACKET_HBLUD5', 'BRACKET_HBLUD5', '', ( #1398 ) ) ;
#982 = AXIS2_PLACEMENT_3D ( 'NONE', #1549, #1184, #424 ) ;
#983 = VECTOR ( 'NONE', #1379, 999.9999999999998900 ) ;
#984 = LINE ( 'NONE', #681, #910 ) ;
#985 = CARTESIAN_POINT ( 'NONE',  ( -17.00000000000000000, 49.99999999999998600, -3.401418580346680100E-015 ) ) ;
#986 = VECTOR ( 'NONE', #1530, 1000.000000000000000 ) ;
#987 = VERTEX_POINT ( 'NONE', #1077 ) ;
#988 = ORIENTED_EDGE ( 'NONE', *, *, #1218, .T. ) ;
#989 = CARTESIAN_POINT ( 'NONE',  ( -17.00000000000000000, 12.64429808510184300, 14.41554962224627100 ) ) ;
#990 = ORIENTED_EDGE ( 'NONE', *, *, #544, .T. ) ;
#991 = DIRECTION ( 'NONE',  ( 0.0000000000000000000, -1.000000000000000000, -2.838730579460967600E-016 ) ) ;
#992 = EDGE_LOOP ( 'NONE', ( #1191, #604, #1206, #1134, #1341, #862, #542, #266, #1369, #1271, #1342, #1089, #502, #91 ) ) ;
#993 = DIRECTION ( 'NONE',  ( 1.000000000000000000, 0.0000000000000000000, -0.0000000000000000000 ) ) ;
#994 = EDGE_CURVE ( 'NONE', #1083, #1083, #756, .T. ) ;
#995 = ORIENTED_EDGE ( 'NONE', *, *, #1361, .F. ) ;
#996 = PERSON_AND_ORGANIZATION_ROLE ( 'creator' ) ;
#997 = AXIS2_PLACEMENT_3D ( 'NONE', #806, #51, #796 ) ;
#998 = DIRECTION ( 'NONE',  ( 0.0000000000000000000, -2.838730579460967600E-016, 1.000000000000000000 ) ) ;
#999 = CARTESIAN_POINT ( 'NONE',  ( -17.00000000000000000, 51.00000000000000000, 7.999999999999986700 ) ) ;
#1000 = CARTESIAN_POINT ( 'NONE',  ( -17.00000000000000000, 4.999999999999997300, 25.22182540694795300 ) ) ;
#1001 = PERSON_AND_ORGANIZATION ( #1173, #1294 ) ;
#1002 = CARTESIAN_POINT ( 'NONE',  ( 17.00100000000000100, 26.63603896932105600, 8.414213562373088700 ) ) ;
#1003 = EDGE_CURVE ( 'NONE', #1188, #360, #262, .T. ) ;
#1004 = VECTOR ( 'NONE', #805, 1000.000000000000000 ) ;
#1005 = FACE_BOUND ( 'NONE', #392, .T. ) ;
#1006 = ORIENTED_EDGE ( 'NONE', *, *, #81, .T. ) ;
#1007 = CARTESIAN_POINT ( 'NONE',  ( -17.00000000000000000, 7.999999999999991100, 49.99999999999998600 ) ) ;
#1008 = ORIENTED_EDGE ( 'NONE', *, *, #632, .F. ) ;
#1009 = CARTESIAN_POINT ( 'NONE',  ( 17.00100000000000100, 12.14313060654446600, 14.09511661476639300 ) ) ;
#1010 = UNCERTAINTY_MEASURE_WITH_UNIT (LENGTH_MEASURE( 1.000000000000000100E-005 ), #976, 'distance_accuracy_value', 'NONE');
#1011 = ORIENTED_EDGE ( 'NONE', *, *, #356, .T. ) ;
#1012 = DIRECTION ( 'NONE',  ( -1.000000000000000000, 0.0000000000000000000, 0.0000000000000000000 ) ) ;
#1013 = ORIENTED_EDGE ( 'NONE', *, *, #467, .T. ) ;
#1014 = ORIENTED_EDGE ( 'NONE', *, *, #673, .T. ) ;
#1015 = VERTEX_POINT ( 'NONE', #208 ) ;
#1016 = DIRECTION ( 'NONE',  ( 0.0000000000000000000, 0.0000000000000000000, 1.000000000000000000 ) ) ;
#1017 = EDGE_CURVE ( 'NONE', #331, #249, #429, .T. ) ;
#1018 = PERSON_AND_ORGANIZATION_ROLE ( 'design_supplier' ) ;
#1019 = CARTESIAN_POINT ( 'NONE',  ( 17.00100000000000100, 4.999999999999999100, 13.00000000000000500 ) ) ;
#1020 = DIRECTION ( 'NONE',  ( 0.0000000000000000000, 0.0000000000000000000, 1.000000000000000000 ) ) ;
#1021 = CARTESIAN_POINT ( 'NONE',  ( 17.00000000000000000, -1.224646799147362300E-016, 1.000000000000006900 ) ) ;
#1022 = FACE_OUTER_BOUND ( 'NONE', #1289, .T. ) ;
#1023 = DIRECTION ( 'NONE',  ( 1.000000000000000000, 0.0000000000000000000, -0.0000000000000000000 ) ) ;
#1024 = EDGE_CURVE ( 'NONE', #1599, #418, #730, .T. ) ;
#1025 = CIRCLE ( 'NONE', #282, 1.000000000000000000 ) ;
#1026 = CIRCLE ( 'NONE', #143, 1.000000000000000900 ) ;
#1027 = DIRECTION ( 'NONE',  ( 0.0000000000000000000, -7.096826448652420200E-017, 1.000000000000000000 ) ) ;
#1028 = ORIENTED_EDGE ( 'NONE', *, *, #430, .F. ) ;
#1029 = AXIS2_PLACEMENT_3D ( 'NONE', #205, #1583, #1088 ) ;
#1030 = VERTEX_POINT ( 'NONE', #1366 ) ;
#1031 = ORIENTED_EDGE ( 'NONE', *, *, #1452, .T. ) ;
#1032 = CARTESIAN_POINT ( 'NONE',  ( 17.00000000000000000, 0.9999999999999997800, 0.9999999999999997800 ) ) ;
#1033 = EDGE_LOOP ( 'NONE', ( #1072, #144, #17, #876, #1108, #224, #1245, #1487, #845, #203, #13, #701, #95, #36 ) ) ;
#1034 = ORIENTED_EDGE ( 'NONE', *, *, #397, .T. ) ;
#1035 = EDGE_CURVE ( 'NONE', #1426, #912, #853, .T. ) ;
#1036 = CARTESIAN_POINT ( 'NONE',  ( 17.00000000000000000, 8.999999999999991100, 49.99999999999997900 ) ) ;
#1037 = CARTESIAN_POINT ( 'NONE',  ( -17.00000000000000000, 7.522556533020210900, 12.44999999999999600 ) ) ;
#1038 = AXIS2_PLACEMENT_3D ( 'NONE', #827, #432, #307 ) ;
#1039 = APPROVAL ( #485, 'UNSPECIFIED' ) ;
#1040 = DIRECTION ( 'NONE',  ( -1.000000000000000000, 0.0000000000000000000, 0.0000000000000000000 ) ) ;
#1041 = FACE_OUTER_BOUND ( 'NONE', #822, .T. ) ;
#1042 = FACE_OUTER_BOUND ( 'NONE', #992, .T. ) ;
#1043 = ORIENTED_EDGE ( 'NONE', *, *, #1024, .T. ) ;
#1044 = CYLINDRICAL_SURFACE ( 'NONE', #656, 2.750000000000002700 ) ;
#1045 = EDGE_CURVE ( 'NONE', #418, #1579, #554, .T. ) ;
#1046 = ORIENTED_EDGE ( 'NONE', *, *, #96, .T. ) ;
#1047 = ORIENTED_EDGE ( 'NONE', *, *, #159, .T. ) ;
#1048 = EDGE_LOOP ( 'NONE', ( #1358, #1285, #1074, #1115 ) ) ;
#1049 = CARTESIAN_POINT ( 'NONE',  ( 16.60000000000000100, 11.99999999999999800, 12.00000000000000000 ) ) ;
#1050 = ORIENTED_EDGE ( 'NONE', *, *, #159, .F. ) ;
#1051 = DIRECTION ( 'NONE',  ( 1.000000000000000000, 0.0000000000000000000, 0.0000000000000000000 ) ) ;
#1052 = EDGE_CURVE ( 'NONE', #480, #974, #314, .T. ) ;
#1053 = DIRECTION ( 'NONE',  ( -1.000000000000000000, 0.0000000000000000000, 0.0000000000000000000 ) ) ;
#1054 = CARTESIAN_POINT ( 'NONE',  ( -10.00000000000000000, 41.00000000000000000, -0.001000000000004469500 ) ) ;
#1055 = CARTESIAN_POINT ( 'NONE',  ( 17.00000000000000000, 1.000000000000006900, -2.168404344971008900E-016 ) ) ;
#1056 = AXIS2_PLACEMENT_3D ( 'NONE', #849, #1231, #342 ) ;
#1057 = COORDINATED_UNIVERSAL_TIME_OFFSET ( 9, 0, .AHEAD. ) ;
#1058 = VERTEX_POINT ( 'NONE', #1120 ) ;
#1059 = CARTESIAN_POINT ( 'NONE',  ( 17.00000000000000000, 16.45815990505624200, 12.61221749480794200 ) ) ;
#1060 = ADVANCED_FACE ( 'NONE', ( #1298 ), #945, .F. ) ;
#1061 = VECTOR ( 'NONE', #1132, 999.9999999999998900 ) ;
#1062 = CARTESIAN_POINT ( 'NONE',  ( 17.00000000000000000, 31.41421356237285400, 8.999999999999998200 ) ) ;
#1063 = LINE ( 'NONE', #539, #297 ) ;
#1064 = LINE ( 'NONE', #1293, #348 ) ;
#1065 = ORIENTED_EDGE ( 'NONE', *, *, #1045, .T. ) ;
#1066 = DIRECTION ( 'NONE',  ( 0.0000000000000000000, 0.0000000000000000000, 1.000000000000000000 ) ) ;
#1067 = ORIENTED_EDGE ( 'NONE', *, *, #1581, .T. ) ;
#1068 = CARTESIAN_POINT ( 'NONE',  ( 17.00000000000000000, 7.999999999999991100, 49.99999999999998600 ) ) ;
#1069 = ADVANCED_FACE ( 'NONE', ( #1042, #1480 ), #226, .F. ) ;
#1070 = AXIS2_PLACEMENT_3D ( 'NONE', #450, #199, #1460 ) ;
#1071 = DIRECTION ( 'NONE',  ( 0.0000000000000000000, 0.0000000000000000000, 1.000000000000000000 ) ) ;
#1072 = ORIENTED_EDGE ( 'NONE', *, *, #1532, .F. ) ;
#1073 = ADVANCED_FACE ( 'NONE', ( #1022, #928 ), #814, .F. ) ;
#1074 = ORIENTED_EDGE ( 'NONE', *, *, #871, .F. ) ;
#1075 = CARTESIAN_POINT ( 'NONE',  ( 17.00000000000000000, 8.999999999999991100, 49.99999999999997900 ) ) ;
#1076 = DIRECTION ( 'NONE',  ( 1.000000000000000000, 0.0000000000000000000, -0.0000000000000000000 ) ) ;
#1077 = CARTESIAN_POINT ( 'NONE',  ( 17.00000000000000000, 8.414213562373095800, 26.63603896932105300 ) ) ;
#1078 = EDGE_CURVE ( 'NONE', #1541, #1559, #121, .T. ) ;
#1079 = ADVANCED_FACE ( 'NONE', ( #64 ), #516, .F. ) ;
#1080 = PERSON_AND_ORGANIZATION ( #1173, #1294 ) ;
#1081 = DIRECTION ( 'NONE',  ( -1.000000000000000000, 0.0000000000000000000, 0.0000000000000000000 ) ) ;
#1082 = AXIS2_PLACEMENT_3D ( 'NONE', #700, #829, #1457 ) ;
#1083 = VERTEX_POINT ( 'NONE', #489 ) ;
#1084 = FACE_BOUND ( 'NONE', #230, .T. ) ;
#1085 = CIRCLE ( 'NONE', #1257, 0.9999999999999956700 ) ;
#1086 = CARTESIAN_POINT ( 'NONE',  ( 17.00000000000000000, 1.000000000000000900, 50.99999999999999300 ) ) ;
#1087 = CIRCLE ( 'NONE', #812, 1.000000000000000400 ) ;
#1088 = DIRECTION ( 'NONE',  ( 0.0000000000000000000, 0.0000000000000000000, 1.000000000000000000 ) ) ;
#1089 = ORIENTED_EDGE ( 'NONE', *, *, #808, .T. ) ;
#1090 = CARTESIAN_POINT ( 'NONE',  ( 17.00000000000000000, 12.66017223553292000, 14.46454438144522900 ) ) ;
#1091 = VERTEX_POINT ( 'NONE', #607 ) ;
#1092 = ADVANCED_FACE ( 'NONE', ( #713 ), #729, .T. ) ;
#1093 = ORIENTED_EDGE ( 'NONE', *, *, #374, .F. ) ;
#1094 = CARTESIAN_POINT ( 'NONE',  ( 17.00100000000000100, 12.61200000000000200, 16.45818976715886000 ) ) ;
#1095 = AXIS2_PLACEMENT_3D ( 'NONE', #381, #32, #1403 ) ;
#1096 = EDGE_LOOP ( 'NONE', ( #1171, #538, #1539, #881 ) ) ;
#1097 = EDGE_LOOP ( 'NONE', ( #14, #645, #1046, #1451 ) ) ;
#1098 = CC_DESIGN_PERSON_AND_ORGANIZATION_ASSIGNMENT ( #658, #473, ( #427 ) ) ;
#1099 = DIRECTION ( 'NONE',  ( 0.0000000000000000000, 0.0000000000000000000, 1.000000000000000000 ) ) ;
#1100 = ADVANCED_FACE ( 'NONE', ( #139 ), #454, .T. ) ;
#1101 = AXIS2_PLACEMENT_3D ( 'NONE', #1153, #1533, #903 ) ;
#1102 =( NAMED_UNIT ( * ) PLANE_ANGLE_UNIT ( ) SI_UNIT ( $, .RADIAN. ) );
#1103 = FACE_OUTER_BOUND ( 'NONE', #1283, .T. ) ;
#1104 = CARTESIAN_POINT ( 'NONE',  ( -16.91002336684342900, 12.60605333777461800, 14.33264535203291200 ) ) ;
#1105 = LINE ( 'NONE', #555, #1261 ) ;
#1106 = VECTOR ( 'NONE', #1612, 1000.000000000000000 ) ;
#1107 = LINE ( 'NONE', #1552, #433 ) ;
#1108 = ORIENTED_EDGE ( 'NONE', *, *, #214, .F. ) ;
#1109 = DIRECTION ( 'NONE',  ( 0.0000000000000000000, 0.0000000000000000000, 1.000000000000000000 ) ) ;
#1110 = CARTESIAN_POINT ( 'NONE',  ( 10.00000000000000000, -0.001000000000014877900, 41.00000000000000000 ) ) ;
#1111 = VERTEX_POINT ( 'NONE', #728 ) ;
#1112 = ORIENTED_EDGE ( 'NONE', *, *, #291, .T. ) ;
#1113 = DIRECTION ( 'NONE',  ( -1.000000000000000000, -0.0000000000000000000, -0.0000000000000000000 ) ) ;
#1114 = EDGE_CURVE ( 'NONE', #444, #1111, #1316, .T. ) ;
#1115 = ORIENTED_EDGE ( 'NONE', *, *, #962, .F. ) ;
#1116 = CARTESIAN_POINT ( 'NONE',  ( 10.00000000000000000, 8.999999999999992900, 43.75000000000000700 ) ) ;
#1117 = AXIS2_PLACEMENT_3D ( 'NONE', #935, #1051, #178 ) ;
#1118 = CARTESIAN_POINT ( 'NONE',  ( -16.78105436038600500, 12.51557696868289700, 14.22228209179336600 ) ) ;
#1119 = CARTESIAN_POINT ( 'NONE',  ( 17.00000000000000000, 12.00000000000000200, 6.000000000000001800 ) ) ;
#1120 = CARTESIAN_POINT ( 'NONE',  ( -10.00000000000000000, 38.25000000000000000, -2.602201473389343300E-015 ) ) ;
#1121 = PERSON_AND_ORGANIZATION ( #1173, #1294 ) ;
#1122 = CARTESIAN_POINT ( 'NONE',  ( 17.00100000000000100, 6.000000000000007100, 11.99999999999999600 ) ) ;
#1123 = AXIS2_PLACEMENT_3D ( 'NONE', #1122, #493, #993 ) ;
#1124 = CIRCLE ( 'NONE', #40, 2.000000000000001800 ) ;
#1125 = CYLINDRICAL_SURFACE ( 'NONE', #469, 1.999999999999997300 ) ;
#1126 = CC_DESIGN_APPROVAL ( #100, ( #653 ) ) ;
#1127 = ORIENTED_EDGE ( 'NONE', *, *, #808, .F. ) ;
#1128 = CARTESIAN_POINT ( 'NONE',  ( 17.00000000000000000, 6.000000000000007100, 11.99999999999999600 ) ) ;
#1129 = ORIENTED_EDGE ( 'NONE', *, *, #343, .T. ) ;
#1130 = APPROVAL_ROLE ( '' ) ;
#1131 = ORIENTED_EDGE ( 'NONE', *, *, #1540, .F. ) ;
#1132 = DIRECTION ( 'NONE',  ( 0.0000000000000000000, 0.9659258262890694200, 0.2588190451025166900 ) ) ;
#1133 = DIRECTION ( 'NONE',  ( 0.0000000000000000000, 0.0000000000000000000, 1.000000000000000000 ) ) ;
#1134 = ORIENTED_EDGE ( 'NONE', *, *, #21, .T. ) ;
#1135 = EDGE_CURVE ( 'NONE', #247, #1483, #1441, .T. ) ;
#1136 = APPROVAL_STATUS ( 'not_yet_approved' ) ;
#1137 = AXIS2_PLACEMENT_3D ( 'NONE', #869, #854, #361 ) ;
#1138 = DIRECTION ( 'NONE',  ( 0.0000000000000000000, 0.0000000000000000000, 1.000000000000000000 ) ) ;
#1139 = APPROVAL_STATUS ( 'not_yet_approved' ) ;
#1140 = PERSON_AND_ORGANIZATION ( #1173, #1294 ) ;
#1141 = CARTESIAN_POINT ( 'NONE',  ( 17.00100000000000100, 14.09510574757992500, 12.14328958949468900 ) ) ;
#1142 = CARTESIAN_POINT ( 'NONE',  ( 17.00000000000000000, 25.22182540694796400, 4.999999999999997300 ) ) ;
#1143 = EDGE_CURVE ( 'NONE', #1488, #1616, #472, .T. ) ;
#1144 = LINE ( 'NONE', #1075, #593 ) ;
#1145 = VECTOR ( 'NONE', #466, 1000.000000000000000 ) ;
#1146 = AXIS2_PLACEMENT_3D ( 'NONE', #1007, #1501, #1267 ) ;
#1147 = FACE_OUTER_BOUND ( 'NONE', #1463, .T. ) ;
#1148 = PERSON_AND_ORGANIZATION_ROLE ( 'design_supplier' ) ;
#1149 = VECTOR ( 'NONE', #168, 1000.000000000000000 ) ;
#1150 = CARTESIAN_POINT ( 'NONE',  ( 17.00000000000000000, 12.17720932238838200, 14.59395390399649100 ) ) ;
#1151 = ORIENTED_EDGE ( 'NONE', *, *, #644, .T. ) ;
#1152 = EDGE_LOOP ( 'NONE', ( #1582 ) ) ;
#1153 = CARTESIAN_POINT ( 'NONE',  ( -17.00000000000000000, 12.54400000000000000, 15.96283534858565100 ) ) ;
#1154 = ORIENTED_EDGE ( 'NONE', *, *, #1326, .T. ) ;
#1155 = CARTESIAN_POINT ( 'NONE',  ( 16.66868360843624700, 14.13500383031695100, 12.38432532765725600 ) ) ;
#1156 = VERTEX_POINT ( 'NONE', #490 ) ;
#1157 = DIRECTION ( 'NONE',  ( -0.0000000000000000000, -0.7071067811865440200, 0.7071067811865511300 ) ) ;
#1158 = DIRECTION ( 'NONE',  ( 1.000000000000000000, 0.0000000000000000000, 0.0000000000000000000 ) ) ;
#1159 = AXIS2_PLACEMENT_3D ( 'NONE', #689, #1310, #58 ) ;
#1160 = SHAPE_REPRESENTATION ( 'BRACKET_HBLUD5', ( #152 ), #1535 ) ;
#1161 = CARTESIAN_POINT ( 'NONE',  ( 17.00100000000000100, 15.83339928194317800, 13.02715624186270400 ) ) ;
#1162 = FACE_OUTER_BOUND ( 'NONE', #88, .T. ) ;
#1163 = DIRECTION ( 'NONE',  ( 0.0000000000000000000, -1.000000000000000000, -2.838730579460967600E-016 ) ) ;
#1164 = EDGE_CURVE ( 'NONE', #784, #1507, #695, .T. ) ;
#1165 = CIRCLE ( 'NONE', #1, 0.9999999999999991100 ) ;
#1166 = LINE ( 'NONE', #1419, #732 ) ;
#1167 = CARTESIAN_POINT ( 'NONE',  ( 17.00000000000000000, 9.292893218813445000, 30.70710678118653900 ) ) ;
#1168 = ORIENTED_EDGE ( 'NONE', *, *, #39, .T. ) ;
#1169 = AXIS2_PLACEMENT_3D ( 'NONE', #515, #508, #1395 ) ;
#1170 = DIRECTION ( 'NONE',  ( -1.000000000000000000, -0.0000000000000000000, 0.0000000000000000000 ) ) ;
#1171 = ORIENTED_EDGE ( 'NONE', *, *, #132, .T. ) ;
#1172 = CARTESIAN_POINT ( 'NONE',  ( 17.00100000000000100, 12.00000000000000000, 11.99999999999999600 ) ) ;
#1173 = PERSON ( 'UNSPECIFIED', 'UNSPECIFIED', 'UNSPECIFIED', ('UNSPECIFIED'), ('UNSPECIFIED'), ('UNSPECIFIED') ) ;
#1174 = ORIENTED_EDGE ( 'NONE', *, *, #914, .F. ) ;
#1175 = EDGE_CURVE ( 'NONE', #1279, #1279, #1258, .T. ) ;
#1176 = DIRECTION ( 'NONE',  ( 0.0000000000000000000, -0.7071067811865473500, 0.7071067811865477900 ) ) ;
#1177 = AXIS2_PLACEMENT_3D ( 'NONE', #1032, #267, #664 ) ;
#1178 = COORDINATED_UNIVERSAL_TIME_OFFSET ( 9, 0, .AHEAD. ) ;
#1179 = CC_DESIGN_PERSON_AND_ORGANIZATION_ASSIGNMENT ( #1140, #1018, ( #470 ) ) ;
#1180 = DIRECTION ( 'NONE',  ( -1.000000000000000000, 0.0000000000000000000, 0.0000000000000000000 ) ) ;
#1181 = APPROVAL_PERSON_ORGANIZATION ( #277, #880, #1259 ) ;
#1182 = LINE ( 'NONE', #1094, #851 ) ;
#1183 = FACE_OUTER_BOUND ( 'NONE', #46, .T. ) ;
#1184 = DIRECTION ( 'NONE',  ( 0.0000000000000000000, -6.802837160693362900E-017, -1.000000000000000000 ) ) ;
#1185 = FACE_OUTER_BOUND ( 'NONE', #1619, .T. ) ;
#1186 = CARTESIAN_POINT ( 'NONE',  ( 17.00000000000000000, 9.292893218813445000, 30.70710678118653900 ) ) ;
#1187 = EDGE_CURVE ( 'NONE', #987, #1417, #1423, .T. ) ;
#1188 = VERTEX_POINT ( 'NONE', #641 ) ;
#1189 = DIRECTION ( 'NONE',  ( 0.0000000000000000000, 0.0000000000000000000, 1.000000000000000000 ) ) ;
#1190 = EDGE_LOOP ( 'NONE', ( #128, #436, #1211, #1028 ) ) ;
#1191 = ORIENTED_EDGE ( 'NONE', *, *, #72, .T. ) ;
#1192 = CARTESIAN_POINT ( 'NONE',  ( -17.00000000000000000, 12.61200000000000200, 16.45818976715886000 ) ) ;
#1193 = EDGE_LOOP ( 'NONE', ( #671, #579, #354, #148, #34, #499, #1006, #561, #1321, #145, #1112, #1031, #899, #417, #271, #283, #376, #70, #166, #799 ) ) ;
#1194 = DIRECTION ( 'NONE',  ( 0.0000000000000000000, -1.000000000000000000, -1.224646799147353900E-016 ) ) ;
#1195 = PRODUCT_DEFINITION_SHAPE ( 'NONE', 'NONE',  #413 ) ;
#1196 = CARTESIAN_POINT ( 'NONE',  ( -17.00000000000000000, 51.00000000000000000, 1.000000000000003600 ) ) ;
#1197 = AXIS2_PLACEMENT_3D ( 'NONE', #338, #481, #1607 ) ;
#1198 = COORDINATED_UNIVERSAL_TIME_OFFSET ( 9, 0, .AHEAD. ) ;
#1199 = LOCAL_TIME ( 16, 48, 44.00000000000000000, #1237 ) ;
#1200 = DIRECTION ( 'NONE',  ( -1.000000000000000000, -0.0000000000000000000, -0.0000000000000000000 ) ) ;
#1201 = LINE ( 'NONE', #362, #535 ) ;
#1202 = DIRECTION ( 'NONE',  ( 0.0000000000000000000, 1.000000000000000000, 0.0000000000000000000 ) ) ;
#1203 = VECTOR ( 'NONE', #1053, 1000.000000000000000 ) ;
#1204 = VECTOR ( 'NONE', #670, 1000.000000000000000 ) ;
#1205 = EDGE_CURVE ( 'NONE', #1470, #1579, #1382, .T. ) ;
#1206 = ORIENTED_EDGE ( 'NONE', *, *, #550, .T. ) ;
#1207 = CARTESIAN_POINT ( 'NONE',  ( 17.00000000000000000, 7.999999999999983100, 50.99999999999999300 ) ) ;
#1208 = ORIENTED_EDGE ( 'NONE', *, *, #1550, .T. ) ;
#1209 = CARTESIAN_POINT ( 'NONE',  ( -16.59999999999999800, 14.09510574757992500, 12.14328958949468900 ) ) ;
#1210 = AXIS2_PLACEMENT_3D ( 'NONE', #738, #235, #1400 ) ;
#1211 = ORIENTED_EDGE ( 'NONE', *, *, #673, .F. ) ;
#1212 = PRODUCT_RELATED_PRODUCT_CATEGORY ( 'detail', '', ( #427 ) ) ;
#1213 = ORIENTED_EDGE ( 'NONE', *, *, #1003, .F. ) ;
#1214 = DIRECTION ( 'NONE',  ( -0.0000000000000000000, -1.000000000000000000, -0.0000000000000000000 ) ) ;
#1215 = ORIENTED_EDGE ( 'NONE', *, *, #96, .F. ) ;
#1216 = CARTESIAN_POINT ( 'NONE',  ( -17.00000000000000000, 4.999999999999999100, 25.22182540694795300 ) ) ;
#1217 = ADVANCED_FACE ( 'NONE', ( #1162 ), #2, .T. ) ;
#1218 = EDGE_CURVE ( 'NONE', #1620, #333, #813, .T. ) ;
#1219 = DATE_AND_TIME ( #1551, #887 ) ;
#1220 = ADVANCED_FACE ( 'NONE', ( #471, #1084, #428 ), #886, .F. ) ;
#1221 = VECTOR ( 'NONE', #694, 1000.000000000000000 ) ;
#1222 = FACE_OUTER_BOUND ( 'NONE', #783, .T. ) ;
#1223 = VECTOR ( 'NONE', #826, 1000.000000000000200 ) ;
#1224 = CARTESIAN_POINT ( 'NONE',  ( 12.75000000000000200, 41.00000000000000000, 9.000000000000003600 ) ) ;
#1225 = CARTESIAN_POINT ( 'NONE',  ( -16.59999999999999800, 12.14313060654446600, 14.09511661476639700 ) ) ;
#1226 = EDGE_LOOP ( 'NONE', ( #1227, #351, #395, #439 ) ) ;
#1227 = ORIENTED_EDGE ( 'NONE', *, *, #446, .T. ) ;
#1228 = APPLICATION_CONTEXT ( 'configuration controlled 3d designs of mechanical parts and assemblies' ) ;
#1229 = EDGE_LOOP ( 'NONE', ( #317, #563, #741, #680 ) ) ;
#1230 = AXIS2_PLACEMENT_3D ( 'NONE', #545, #1299, #919 ) ;
#1231 = DIRECTION ( 'NONE',  ( -1.000000000000000000, 0.0000000000000000000, 0.0000000000000000000 ) ) ;
#1232 = ORIENTED_EDGE ( 'NONE', *, *, #1052, .T. ) ;
#1233 = CARTESIAN_POINT ( 'NONE',  ( -16.56700000000000000, 11.99999999999999800, 12.00000000000000000 ) ) ;
#1234 = PLANE ( 'NONE',  #957 ) ;
#1235 = APPROVAL_DATE_TIME ( #23, #880 ) ;
#1236 = APPLICATION_CONTEXT ( 'configuration controlled 3d designs of mechanical parts and assemblies' ) ;
#1237 = COORDINATED_UNIVERSAL_TIME_OFFSET ( 9, 0, .AHEAD. ) ;
#1238 = DIRECTION ( 'NONE',  ( 1.000000000000000000, -0.0000000000000000000, -0.0000000000000000000 ) ) ;
#1239 = CIRCLE ( 'NONE', #1485, 2.750000000000002700 ) ;
#1240 = CARTESIAN_POINT ( 'NONE',  ( 17.00000000000000000, 8.999999999999996400, 31.41421356237308200 ) ) ;
#1241 = CIRCLE ( 'NONE', #1494, 0.4999999999999987200 ) ;
#1242 = LINE ( 'NONE', #1240, #1537 ) ;
#1243 = ORIENTED_EDGE ( 'NONE', *, *, #420, .T. ) ;
#1244 = APPLICATION_PROTOCOL_DEFINITION ( 'international standard', 'config_control_design', 1994, #1236 ) ;
#1245 = ORIENTED_EDGE ( 'NONE', *, *, #467, .F. ) ;
#1246 = DIRECTION ( 'NONE',  ( -1.000000000000000000, -0.0000000000000000000, -0.0000000000000000000 ) ) ;
#1247 = ORIENTED_EDGE ( 'NONE', *, *, #1249, .T. ) ;
#1248 = CARTESIAN_POINT ( 'NONE',  ( 17.00000000000000000, 12.64429808510184300, 14.41554962224627100 ) ) ;
#1249 = EDGE_CURVE ( 'NONE', #286, #55, #677, .T. ) ;
#1250 = ORIENTED_EDGE ( 'NONE', *, *, #120, .F. ) ;
#1251 = AXIS2_PLACEMENT_3D ( 'NONE', #846, #1469, #571 ) ;
#1252 = ORIENTED_EDGE ( 'NONE', *, *, #831, .T. ) ;
#1253 = DIRECTION ( 'NONE',  ( -0.0000000000000000000, -0.7071067811865440200, 0.7071067811865511300 ) ) ;
#1254 = APPROVAL_STATUS ( 'not_yet_approved' ) ;
#1255 = CARTESIAN_POINT ( 'NONE',  ( -17.00000000000000000, 13.02696291314453700, 15.83342582603439100 ) ) ;
#1256 = EDGE_CURVE ( 'NONE', #628, #1111, #1498, .T. ) ;
#1257 = AXIS2_PLACEMENT_3D ( 'NONE', #621, #1621, #1493 ) ;
#1258 = CIRCLE ( 'NONE', #977, 2.750000000000002700 ) ;
#1259 = APPROVAL_ROLE ( '' ) ;
#1260 = VECTOR ( 'NONE', #1314, 1000.000000000000000 ) ;
#1261 = VECTOR ( 'NONE', #1202, 1000.000000000000000 ) ;
#1262 = CC_DESIGN_APPROVAL ( #880, ( #413 ) ) ;
#1263 = VECTOR ( 'NONE', #1515, 1000.000000000000000 ) ;
#1264 = FACE_OUTER_BOUND ( 'NONE', #1048, .T. ) ;
#1265 = DIRECTION ( 'NONE',  ( 0.0000000000000000000, 0.0000000000000000000, 1.000000000000000000 ) ) ;
#1266 = ORIENTED_EDGE ( 'NONE', *, *, #47, .F. ) ;
#1267 = DIRECTION ( 'NONE',  ( 0.0000000000000000000, 0.0000000000000000000, 1.000000000000000000 ) ) ;
#1268 = DIRECTION ( 'NONE',  ( 0.0000000000000000000, 0.0000000000000000000, 1.000000000000000000 ) ) ;
#1269 = ORIENTED_EDGE ( 'NONE', *, *, #597, .F. ) ;
#1270 = CARTESIAN_POINT ( 'NONE',  ( 17.00000000000000000, 51.00000000000000000, 7.999999999999986700 ) ) ;
#1271 = ORIENTED_EDGE ( 'NONE', *, *, #182, .T. ) ;
#1272 = DESIGN_CONTEXT ( 'detailed design', #1236, 'design' ) ;
#1273 = CARTESIAN_POINT ( 'NONE',  ( 16.60000000000000500, 14.09065883571949100, 12.20831001861757900 ) ) ;
#1274 = CARTESIAN_POINT ( 'NONE',  ( 17.00000000000000000, 12.50000000000000200, 7.025062814466897600 ) ) ;
#1275 = PERSON_AND_ORGANIZATION ( #1492, #725 ) ;
#1276 = DATE_AND_TIME ( #1609, #906 ) ;
#1277 = CARTESIAN_POINT ( 'NONE',  ( -17.00000000000000000, 8.999999999999991100, 49.99999999999997900 ) ) ;
#1278 = EDGE_CURVE ( 'NONE', #1058, #1058, #218, .T. ) ;
#1279 = VERTEX_POINT ( 'NONE', #1116 ) ;
#1280 = AXIS2_PLACEMENT_3D ( 'NONE', #219, #617, #1495 ) ;
#1281 = LINE ( 'NONE', #3, #893 ) ;
#1282 = CYLINDRICAL_SURFACE ( 'NONE', #229, 0.5000000000000004400 ) ;
#1283 = EDGE_LOOP ( 'NONE', ( #1013, #1008, #625, #10 ) ) ;
#1284 = CARTESIAN_POINT ( 'NONE',  ( -17.00000000000000000, 0.9999999999999997800, 0.9999999999999997800 ) ) ;
#1285 = ORIENTED_EDGE ( 'NONE', *, *, #1481, .T. ) ;
#1286 = DIRECTION ( 'NONE',  ( 1.000000000000000000, 0.0000000000000000000, -0.0000000000000000000 ) ) ;
#1287 = VERTEX_POINT ( 'NONE', #124 ) ;
#1288 = EDGE_CURVE ( 'NONE', #1304, #1599, #752, .T. ) ;
#1289 = EDGE_LOOP ( 'NONE', ( #126 ) ) ;
#1290 = DIRECTION ( 'NONE',  ( 0.0000000000000000000, 0.7071067811865441300, -0.7071067811865510100 ) ) ;
#1291 = AXIS2_PLACEMENT_3D ( 'NONE', #56, #48, #167 ) ;
#1292 = APPROVAL ( #1254, 'UNSPECIFIED' ) ;
#1293 = CARTESIAN_POINT ( 'NONE',  ( 17.00000000000000000, 8.999999999999991100, 49.99999999999997900 ) ) ;
#1294 = ORGANIZATION ( 'UNSPECIFIED', 'UNSPECIFIED', '' ) ;
#1295 = CARTESIAN_POINT ( 'NONE',  ( -16.59999999999999800, 12.14313060654446600, 14.09511661476639700 ) ) ;
#1296 = EDGE_CURVE ( 'NONE', #1588, #1588, #1239, .T. ) ;
#1297 = FACE_BOUND ( 'NONE', #737, .T. ) ;
#1298 = FACE_OUTER_BOUND ( 'NONE', #1190, .T. ) ;
#1299 = DIRECTION ( 'NONE',  ( 1.000000000000000000, 0.0000000000000000000, -0.0000000000000000000 ) ) ;
#1300 = MANIFOLD_SOLID_BREP ( 'Imported1', #289 ) ;
#1301 = EDGE_LOOP ( 'NONE', ( #933, #1213, #858, #1168 ) ) ;
#1302 = VECTOR ( 'NONE', #127, 1000.000000000000000 ) ;
#1303 = CARTESIAN_POINT ( 'NONE',  ( 17.00100000000000100, 7.025062814466901200, 11.99999999999999600 ) ) ;
#1304 = VERTEX_POINT ( 'NONE', #248 ) ;
#1305 = DIRECTION ( 'NONE',  ( 0.0000000000000000000, 0.0000000000000000000, 1.000000000000000000 ) ) ;
#1306 = DIRECTION ( 'NONE',  ( 0.0000000000000000000, 0.0000000000000000000, 1.000000000000000000 ) ) ;
#1307 = ORIENTED_EDGE ( 'NONE', *, *, #733, .T. ) ;
#1308 = VERTEX_POINT ( 'NONE', #373 ) ;
#1309 = EDGE_CURVE ( 'NONE', #987, #1620, #1201, .T. ) ;
#1310 = DIRECTION ( 'NONE',  ( 0.0000000000000000000, -0.2588190451025166900, 0.9659258262890694200 ) ) ;
#1311 = CARTESIAN_POINT ( 'NONE',  ( 16.70400141911710200, 14.16127397983257900, 12.43320359032969700 ) ) ;
#1312 = DIRECTION ( 'NONE',  ( 1.000000000000000000, 0.0000000000000000000, -0.0000000000000000000 ) ) ;
#1313 = AXIS2_PLACEMENT_3D ( 'NONE', #708, #1449, #572 ) ;
#1314 = DIRECTION ( 'NONE',  ( -1.000000000000000000, -0.0000000000000000000, -0.0000000000000000000 ) ) ;
#1315 = DIRECTION ( 'NONE',  ( 1.000000000000000000, 0.0000000000000000000, -0.0000000000000000000 ) ) ;
#1316 = LINE ( 'NONE', #1486, #296 ) ;
#1317 = FACE_OUTER_BOUND ( 'NONE', #577, .T. ) ;
#1318 = CARTESIAN_POINT ( 'NONE',  ( 17.00000000000000000, 6.000000000000007100, 11.99999999999999600 ) ) ;
#1319 = DIRECTION ( 'NONE',  ( -1.000000000000000000, -0.0000000000000000000, -0.0000000000000000000 ) ) ;
#1320 = ORIENTED_EDGE ( 'NONE', *, *, #501, .T. ) ;
#1321 = ORIENTED_EDGE ( 'NONE', *, *, #1402, .T. ) ;
#1322 = ORIENTED_EDGE ( 'NONE', *, *, #843, .T. ) ;
#1323 = DIRECTION ( 'NONE',  ( -1.000000000000000000, -0.0000000000000000000, -0.0000000000000000000 ) ) ;
#1324 = ORIENTED_EDGE ( 'NONE', *, *, #72, .F. ) ;
#1325 = EDGE_LOOP ( 'NONE', ( #901 ) ) ;
#1326 = EDGE_CURVE ( 'NONE', #394, #1470, #807, .T. ) ;
#1327 = DIRECTION ( 'NONE',  ( -1.000000000000000000, 0.0000000000000000000, 0.0000000000000000000 ) ) ;
#1328 = AXIS2_PLACEMENT_3D ( 'NONE', #1172, #402, #416 ) ;
#1329 = ADVANCED_FACE ( 'NONE', ( #1041 ), #872, .F. ) ;
#1330 = DIRECTION ( 'NONE',  ( -1.000000000000000000, 0.0000000000000000000, -0.0000000000000000000 ) ) ;
#1331 = DIRECTION ( 'NONE',  ( 0.0000000000000000000, 0.7071067811865473500, -0.7071067811865477900 ) ) ;
#1332 = LINE ( 'NONE', #1277, #1004 ) ;
#1333 = CYLINDRICAL_SURFACE ( 'NONE', #1543, 1.000000000000000900 ) ;
#1334 = VECTOR ( 'NONE', #190, 1000.000000000000000 ) ;
#1335 = EDGE_CURVE ( 'NONE', #1507, #394, #197, .T. ) ;
#1336 = VERTEX_POINT ( 'NONE', #655 ) ;
#1337 = CYLINDRICAL_SURFACE ( 'NONE', #923, 0.9999999999999956700 ) ;
#1338 = ORIENTED_EDGE ( 'NONE', *, *, #1373, .T. ) ;
#1339 = PLANE ( 'NONE',  #1424 ) ;
#1340 = ADVANCED_FACE ( 'NONE', ( #966 ), #551, .T. ) ;
#1341 = ORIENTED_EDGE ( 'NONE', *, *, #1416, .T. ) ;
#1342 = ORIENTED_EDGE ( 'NONE', *, *, #721, .T. ) ;
#1343 = CC_DESIGN_DATE_AND_TIME_ASSIGNMENT ( #1219, #888, ( #803 ) ) ;
#1344 = ORIENTED_EDGE ( 'NONE', *, *, #524, .F. ) ;
#1345 = DIRECTION ( 'NONE',  ( -1.000000000000000000, -0.0000000000000000000, 0.0000000000000000000 ) ) ;
#1346 = DIRECTION ( 'NONE',  ( 0.0000000000000000000, 0.0000000000000000000, 1.000000000000000000 ) ) ;
#1347 = AXIS2_PLACEMENT_3D ( 'NONE', #1036, #902, #279 ) ;
#1348 = DIRECTION ( 'NONE',  ( 0.0000000000000000000, 1.734723475976805500E-015, 1.000000000000000000 ) ) ;
#1349 = DATE_AND_TIME ( #365, #1475 ) ;
#1350 = CALENDAR_DATE ( 2026, 27, 5 ) ;
#1351 = VERTEX_POINT ( 'NONE', #599 ) ;
#1352 = CARTESIAN_POINT ( 'NONE',  ( 10.00000000000000000, -5.357777422852202100E-015, 43.75000000000000700 ) ) ;
#1353 = ADVANCED_FACE ( 'NONE', ( #1439, #835 ), #710, .F. ) ;
#1354 = CIRCLE ( 'NONE', #1291, 2.500000000000000400 ) ;
#1355 = DIRECTION ( 'NONE',  ( -1.000000000000000000, -0.0000000000000000000, -0.0000000000000000000 ) ) ;
#1356 = FACE_OUTER_BOUND ( 'NONE', #685, .T. ) ;
#1357 = DIRECTION ( 'NONE',  ( 0.0000000000000000000, -1.000000000000000000, 0.0000000000000000000 ) ) ;
#1358 = ORIENTED_EDGE ( 'NONE', *, *, #831, .F. ) ;
#1359 = B_SPLINE_CURVE_WITH_KNOTS ( 'NONE', 3,
 ( #833, #66, #447, #78, #82, #322, #5, #1512 ),
 .UNSPECIFIED., .F., .F.,
 ( 4, 2, 2, 4 ),
 ( 1.966043545087830600E-007, 0.0001920510944198574300, 0.0003839055844852060300, 0.0007676145646159007000 ),
 .UNSPECIFIED. ) ;
#1360 = DIRECTION ( 'NONE',  ( -1.000000000000000000, 0.0000000000000000000, 0.0000000000000000000 ) ) ;
#1361 = EDGE_CURVE ( 'NONE', #582, #1091, #41, .T. ) ;
#1362 = EDGE_LOOP ( 'NONE', ( #620, #504, #186, #1250 ) ) ;
#1363 = CARTESIAN_POINT ( 'NONE',  ( -17.00000000000000000, 12.00000000000000000, 11.99999999999999600 ) ) ;
#1364 = ORIENTED_EDGE ( 'NONE', *, *, #47, .T. ) ;
#1365 = AXIS2_PLACEMENT_3D ( 'NONE', #389, #1315, #169 ) ;
#1366 = CARTESIAN_POINT ( 'NONE',  ( -17.00000000000000000, 13.00000000000001100, 4.999999999999993800 ) ) ;
#1367 = ORIENTED_EDGE ( 'NONE', *, *, #335, .T. ) ;
#1368 = ADVANCED_FACE ( 'NONE', ( #367 ), #659, .T. ) ;
#1369 = ORIENTED_EDGE ( 'NONE', *, *, #511, .T. ) ;
#1370 = CARTESIAN_POINT ( 'NONE',  ( -17.00000000000000000, 7.025062814466901200, 12.49999999999999600 ) ) ;
#1371 = DIRECTION ( 'NONE',  ( 0.0000000000000000000, 0.7071067811865473500, -0.7071067811865477900 ) ) ;
#1372 = DIRECTION ( 'NONE',  ( -1.000000000000000000, 0.0000000000000000000, 0.0000000000000000000 ) ) ;
#1373 = EDGE_CURVE ( 'NONE', #642, #463, #156, .T. ) ;
#1374 = CARTESIAN_POINT ( 'NONE',  ( 17.00100000000000100, 12.00000000000000200, 6.000000000000001800 ) ) ;
#1375 = EDGE_CURVE ( 'NONE', #249, #628, #1332, .T. ) ;
#1376 = APPROVAL_DATE_TIME ( #1349, #679 ) ;
#1377 = APPLICATION_CONTEXT ( 'configuration controlled 3d designs of mechanical parts and assemblies' ) ;
#1378 = VERTEX_POINT ( 'NONE', #238 ) ;
#1379 = DIRECTION ( 'NONE',  ( 0.0000000000000000000, -0.9659258262890694200, -0.2588190451025166900 ) ) ;
#1380 = CARTESIAN_POINT ( 'NONE',  ( 17.00000000000000000, 49.99999999999999300, 7.999999999999994700 ) ) ;
#1381 = CC_DESIGN_APPROVAL ( #1292, ( #506 ) ) ;
#1382 = LINE ( 'NONE', #1141, #1477 ) ;
#1383 = CYLINDRICAL_SURFACE ( 'NONE', #760, 1.000000000000000900 ) ;
#1384 = EDGE_LOOP ( 'NONE', ( #181 ) ) ;
#1385 = APPROVAL_ROLE ( '' ) ;
#1386 = VECTOR ( 'NONE', #119, 1000.000000000000000 ) ;
#1387 = DIRECTION ( 'NONE',  ( 0.0000000000000000000, -1.000000000000000000, 6.802837160693362900E-017 ) ) ;
#1388 = ORIENTED_EDGE ( 'NONE', *, *, #711, .F. ) ;
#1389 = CARTESIAN_POINT ( 'NONE',  ( -17.00000000000000000, 15.96280880449443800, 12.54419332871816900 ) ) ;
#1390 = VERTEX_POINT ( 'NONE', #1413 ) ;
#1391 = CARTESIAN_POINT ( 'NONE',  ( -17.00000000000000000, 31.41421356237285400, 8.999999999999998200 ) ) ;
#1392 = EDGE_CURVE ( 'NONE', #1393, #331, #1517, .T. ) ;
#1393 = VERTEX_POINT ( 'NONE', #527 ) ;
#1394 = CC_DESIGN_PERSON_AND_ORGANIZATION_ASSIGNMENT ( #1456, #1148, ( #506 ) ) ;
#1395 = DIRECTION ( 'NONE',  ( 0.0000000000000000000, 0.0000000000000000000, 1.000000000000000000 ) ) ;
#1396 = VERTEX_POINT ( 'NONE', #1059 ) ;
#1397 = PLANE ( 'NONE',  #60 ) ;
#1398 = MECHANICAL_CONTEXT ( 'NONE', #1228, 'mechanical' ) ;
#1399 = DIRECTION ( 'NONE',  ( -1.000000000000000000, 0.0000000000000000000, 0.0000000000000000000 ) ) ;
#1400 = DIRECTION ( 'NONE',  ( 0.0000000000000000000, 0.0000000000000000000, 1.000000000000000000 ) ) ;
#1401 = COORDINATED_UNIVERSAL_TIME_OFFSET ( 9, 0, .AHEAD. ) ;
#1402 = EDGE_CURVE ( 'NONE', #1030, #1015, #1590, .T. ) ;
#1403 = DIRECTION ( 'NONE',  ( 0.0000000000000000000, 0.0000000000000000000, 1.000000000000000000 ) ) ;
#1404 = COORDINATED_UNIVERSAL_TIME_OFFSET ( 9, 0, .AHEAD. ) ;
#1405 = AXIS2_PLACEMENT_3D ( 'NONE', #1602, #967, #99 ) ;
#1406 = CONICAL_SURFACE ( 'NONE', #1594, 2.500000000000000400, 0.7853981633974482800 ) ;
#1407 = VECTOR ( 'NONE', #610, 1000.000000000000000 ) ;
#1408 = CARTESIAN_POINT ( 'NONE',  ( 17.00000000000000000, 51.00000000000000000, 1.000000000000003600 ) ) ;
#1409 = CIRCLE ( 'NONE', #982, 2.750000000000002700 ) ;
#1410 = CARTESIAN_POINT ( 'NONE',  ( 17.00100000000000100, 14.46453092683341200, 12.66036907156653000 ) ) ;
#1411 = ORIENTED_EDGE ( 'NONE', *, *, #1361, .T. ) ;
#1412 = VERTEX_POINT ( 'NONE', #1562 ) ;
#1413 = CARTESIAN_POINT ( 'NONE',  ( -17.00000000000000000, -6.505213034913026600E-015, 49.99999999999997900 ) ) ;
#1414 = CARTESIAN_POINT ( 'NONE',  ( 17.00000000000000000, 49.99999999999999300, 0.9999999999999965600 ) ) ;
#1415 = VERTEX_POINT ( 'NONE', #383 ) ;
#1416 = EDGE_CURVE ( 'NONE', #1393, #462, #174, .T. ) ;
#1417 = VERTEX_POINT ( 'NONE', #138 ) ;
#1418 = DIRECTION ( 'NONE',  ( 1.000000000000000000, 0.0000000000000000000, -0.0000000000000000000 ) ) ;
#1419 = CARTESIAN_POINT ( 'NONE',  ( 17.00100000000000100, 16.45815990505624200, 12.61221749480794000 ) ) ;
#1420 = LOCAL_TIME ( 16, 48, 44.00000000000000000, #634 ) ;
#1421 = DIRECTION ( 'NONE',  ( 0.0000000000000000000, 0.0000000000000000000, -1.000000000000000000 ) ) ;
#1422 = EDGE_CURVE ( 'NONE', #480, #931, #492, .T. ) ;
#1423 = LINE ( 'NONE', #769, #84 ) ;
#1424 = AXIS2_PLACEMENT_3D ( 'NONE', #1473, #313, #1331 ) ;
#1425 = CIRCLE ( 'NONE', #676, 1.000000000000000900 ) ;
#1426 = VERTEX_POINT ( 'NONE', #779 ) ;
#1427 = DIRECTION ( 'NONE',  ( 0.0000000000000000000, 0.0000000000000000000, 1.000000000000000000 ) ) ;
#1428 = LINE ( 'NONE', #613, #89 ) ;
#1429 = EDGE_LOOP ( 'NONE', ( #243 ) ) ;
#1430 = PLANE ( 'NONE',  #1508 ) ;
#1431 = VERTEX_POINT ( 'NONE', #956 ) ;
#1432 = ORIENTED_EDGE ( 'NONE', *, *, #1472, .F. ) ;
#1433 = ORIENTED_EDGE ( 'NONE', *, *, #692, .T. ) ;
#1434 = AXIS2_PLACEMENT_3D ( 'NONE', #646, #19, #1138 ) ;
#1435 = CC_DESIGN_APPROVAL ( #679, ( #803 ) ) ;
#1436 = CARTESIAN_POINT ( 'NONE',  ( 17.00000000000000000, 49.99999999999998600, -3.401418580346680100E-015 ) ) ;
#1437 = DIRECTION ( 'NONE',  ( 0.0000000000000000000, 0.2588190451025219100, 0.9659258262890678700 ) ) ;
#1438 = COORDINATED_UNIVERSAL_TIME_OFFSET ( 9, 0, .AHEAD. ) ;
#1439 = FACE_OUTER_BOUND ( 'NONE', #323, .T. ) ;
#1440 = CARTESIAN_POINT ( 'NONE',  ( 16.60000000000000500, 14.09510574757992700, 12.14328958949468900 ) ) ;
#1441 = LINE ( 'NONE', #347, #1407 ) ;
#1442 = DIRECTION ( 'NONE',  ( 0.0000000000000000000, 1.000000000000000000, 7.096826448652420200E-017 ) ) ;
#1443 = LINE ( 'NONE', #509, #431 ) ;
#1444 = LINE ( 'NONE', #1161, #223 ) ;
#1445 = ORIENTED_EDGE ( 'NONE', *, *, #746, .F. ) ;
#1446 = CARTESIAN_POINT ( 'NONE',  ( -17.00000000000000000, 0.9999999999999940000, 49.99999999999998600 ) ) ;
#1447 = EDGE_LOOP ( 'NONE', ( #1322 ) ) ;
#1448 = DIRECTION ( 'NONE',  ( -1.000000000000000000, -0.0000000000000000000, 0.0000000000000000000 ) ) ;
#1449 = DIRECTION ( 'NONE',  ( -1.000000000000000000, -0.0000000000000000000, 0.0000000000000000000 ) ) ;
#1450 = ORIENTED_EDGE ( 'NONE', *, *, #1573, .F. ) ;
#1451 = ORIENTED_EDGE ( 'NONE', *, *, #1589, .F. ) ;
#1452 = EDGE_CURVE ( 'NONE', #1417, #684, #1124, .T. ) ;
#1453 = CARTESIAN_POINT ( 'NONE',  ( 16.60000000000000500, 14.09510574757992700, 12.14328958949468900 ) ) ;
#1454 = CARTESIAN_POINT ( 'NONE',  ( 17.00000000000000000, 51.00000000000000000, 7.999999999999986700 ) ) ;
#1455 = CARTESIAN_POINT ( 'NONE',  ( 17.00000000000000000, 14.46453092683341200, 12.66036907156652800 ) ) ;
#1456 = PERSON_AND_ORGANIZATION ( #1173, #1294 ) ;
#1457 = DIRECTION ( 'NONE',  ( 0.0000000000000000000, 0.0000000000000000000, 1.000000000000000000 ) ) ;
#1458 = EDGE_CURVE ( 'NONE', #210, #1488, #259, .T. ) ;
#1459 = CIRCLE ( 'NONE', #308, 1.000000000000000200 ) ;
#1460 = DIRECTION ( 'NONE',  ( 0.0000000000000000000, -1.224646799147353900E-016, 1.000000000000000000 ) ) ;
#1461 = LINE ( 'NONE', #1538, #67 ) ;
#1462 = AXIS2_PLACEMENT_3D ( 'NONE', #1049, #922, #1421 ) ;
#1463 = EDGE_LOOP ( 'NONE', ( #970, #1560, #1174, #1151 ) ) ;
#1464 = CARTESIAN_POINT ( 'NONE',  ( -17.00000000000000000, 12.66017223553292000, 14.46454438144522900 ) ) ;
#1465 = LINE ( 'NONE', #1454, #1260 ) ;
#1466 = CC_DESIGN_PERSON_AND_ORGANIZATION_ASSIGNMENT ( #153, #996, ( #506 ) ) ;
#1467 = ORIENTED_EDGE ( 'NONE', *, *, #1114, .F. ) ;
#1468 = CARTESIAN_POINT ( 'NONE',  ( 17.00000000000000000, 8.999999999999996400, 31.41421356237308200 ) ) ;
#1469 = DIRECTION ( 'NONE',  ( -1.000000000000000000, -0.0000000000000000000, 0.0000000000000000000 ) ) ;
#1470 = VERTEX_POINT ( 'NONE', #1453 ) ;
#1471 = ADVANCED_FACE ( 'NONE', ( #1103 ), #328, .T. ) ;
#1472 = EDGE_CURVE ( 'NONE', #444, #1431, #1553, .T. ) ;
#1473 = CARTESIAN_POINT ( 'NONE',  ( 17.00100000000000100, 26.63603896932105600, 8.414213562373088700 ) ) ;
#1474 = APPROVAL ( #971, 'UNSPECIFIED' ) ;
#1475 = LOCAL_TIME ( 16, 48, 44.00000000000000000, #548 ) ;
#1476 = CARTESIAN_POINT ( 'NONE',  ( 0.0000000000000000000, 0.0000000000000000000, 0.0000000000000000000 ) ) ;
#1477 = VECTOR ( 'NONE', #878, 1000.000000000000000 ) ;
#1478 = CARTESIAN_POINT ( 'NONE',  ( 17.00100000000000100, 13.00000000000000200, 5.999999999999993800 ) ) ;
#1479 = CIRCLE ( 'NONE', #1038, 0.9999999999999956700 ) ;
#1480 = FACE_BOUND ( 'NONE', #972, .T. ) ;
#1481 = EDGE_CURVE ( 'NONE', #912, #455, #1182, .T. ) ;
#1482 = VECTOR ( 'NONE', #9, 1000.000000000000000 ) ;
#1483 = VERTEX_POINT ( 'NONE', #1196 ) ;
#1484 = DIRECTION ( 'NONE',  ( 0.0000000000000000000, 0.0000000000000000000, 1.000000000000000000 ) ) ;
#1485 = AXIS2_PLACEMENT_3D ( 'NONE', #775, #870, #241 ) ;
#1486 = CARTESIAN_POINT ( 'NONE',  ( 17.00000000000000000, 7.999999999999983100, 50.99999999999999300 ) ) ;
#1487 = ORIENTED_EDGE ( 'NONE', *, *, #501, .F. ) ;
#1488 = VERTEX_POINT ( 'NONE', #74 ) ;
#1489 = ORIENTED_EDGE ( 'NONE', *, *, #1416, .F. ) ;
#1490 = DIRECTION ( 'NONE',  ( 1.000000000000000000, -0.0000000000000000000, -0.0000000000000000000 ) ) ;
#1491 = CARTESIAN_POINT ( 'NONE',  ( 17.00100000000000100, 12.45000000000000300, 7.522556533020208200 ) ) ;
#1492 = PERSON ( 'NAUO-PER1', 'UNSPECIFIED', 'UNSPECIFIED', ('UNSPECIFIED'), ('UNSPECIFIED'), ('UNSPECIFIED') ) ;
#1493 = DIRECTION ( 'NONE',  ( 0.0000000000000000000, 0.0000000000000000000, -1.000000000000000000 ) ) ;
#1494 = AXIS2_PLACEMENT_3D ( 'NONE', #1523, #891, #16 ) ;
#1495 = DIRECTION ( 'NONE',  ( 0.0000000000000000000, 0.0000000000000000000, 1.000000000000000000 ) ) ;
#1496 = LOCAL_TIME ( 16, 48, 44.00000000000000000, #1057 ) ;
#1497 = CARTESIAN_POINT ( 'NONE',  ( 17.00000000000000000, -1.224646799147362300E-016, 1.000000000000006900 ) ) ;
#1498 = CIRCLE ( 'NONE', #1146, 1.000000000000000900 ) ;
#1499 = DIRECTION ( 'NONE',  ( 0.0000000000000000000, 0.0000000000000000000, 1.000000000000000000 ) ) ;
#1500 = CIRCLE ( 'NONE', #194, 0.4999999999999987200 ) ;
#1501 = DIRECTION ( 'NONE',  ( 1.000000000000000000, 0.0000000000000000000, -0.0000000000000000000 ) ) ;
#1502 = CIRCLE ( 'NONE', #623, 2.750000000000000900 ) ;
#1503 = CARTESIAN_POINT ( 'NONE',  ( -17.00000000000000000, 16.45815990505624200, 12.61221749480794200 ) ) ;
#1504 = ORIENTED_EDGE ( 'NONE', *, *, #1335, .F. ) ;
#1505 = EDGE_CURVE ( 'NONE', #1520, #1188, #909, .T. ) ;
#1506 = ORIENTED_EDGE ( 'NONE', *, *, #405, .F. ) ;
#1507 = VERTEX_POINT ( 'NONE', #1455 ) ;
#1508 = AXIS2_PLACEMENT_3D ( 'NONE', #294, #1442, #287 ) ;
#1509 = ORIENTED_EDGE ( 'NONE', *, *, #457, .T. ) ;
#1510 = CARTESIAN_POINT ( 'NONE',  ( 17.00000000000000000, 31.41421356237285400, 9.999999999999998200 ) ) ;
#1511 = PERSON_AND_ORGANIZATION_ROLE ( 'classification_officer' ) ;
#1512 = CARTESIAN_POINT ( 'NONE',  ( -17.00000000000000000, 14.41550072413439300, 12.64448138197020000 ) ) ;
#1513 = PERSON_AND_ORGANIZATION ( #1173, #1294 ) ;
#1514 = DIRECTION ( 'NONE',  ( -1.000000000000000000, -0.0000000000000000000, 0.0000000000000000000 ) ) ;
#1515 = DIRECTION ( 'NONE',  ( -0.0000000000000000000, 1.224646799147353700E-016, -1.000000000000000000 ) ) ;
#1516 = PRODUCT_RELATED_PRODUCT_CATEGORY ( 'detail', '', ( #981 ) ) ;
#1517 = LINE ( 'NONE', #1186, #591 ) ;
#1518 = CARTESIAN_POINT ( 'NONE',  ( -10.00000000000000000, 41.00000000000000000, 9.000000000000003600 ) ) ;
#1519 = CYLINDRICAL_SURFACE ( 'NONE', #526, 2.000000000000001800 ) ;
#1520 = VERTEX_POINT ( 'NONE', #714 ) ;
#1521 = CIRCLE ( 'NONE', #1117, 1.000000000000000400 ) ;
#1522 = ORIENTED_EDGE ( 'NONE', *, *, #191, .T. ) ;
#1523 = CARTESIAN_POINT ( 'NONE',  ( 17.00000000000000000, 15.96280880449443800, 12.54419332871816900 ) ) ;
#1524 = EDGE_LOOP ( 'NONE', ( #478, #958, #840, #1411 ) ) ;
#1525 = CARTESIAN_POINT ( 'NONE',  ( 17.00100000000000100, 25.22182540694796400, 6.999999999999996400 ) ) ;
#1526 = AXIS2_PLACEMENT_3D ( 'NONE', #938, #42, #794 ) ;
#1527 = ORIENTED_EDGE ( 'NONE', *, *, #994, .T. ) ;
#1528 = ORIENTED_EDGE ( 'NONE', *, *, #343, .F. ) ;
#1529 = CARTESIAN_POINT ( 'NONE',  ( -17.00000000000000000, 9.292893218813445000, 30.70710678118653900 ) ) ;
#1530 = DIRECTION ( 'NONE',  ( -1.000000000000000000, 0.0000000000000000000, 0.0000000000000000000 ) ) ;
#1531 = DIRECTION ( 'NONE',  ( 0.0000000000000000000, 1.040834085586079700E-014, 1.000000000000000000 ) ) ;
#1532 = EDGE_CURVE ( 'NONE', #49, #438, #7, .T. ) ;
#1533 = DIRECTION ( 'NONE',  ( -1.000000000000000000, -0.0000000000000000000, 0.0000000000000000000 ) ) ;
#1534 = APPROVAL_PERSON_ORGANIZATION ( #80, #1474, #216 ) ;
#1535 =( GEOMETRIC_REPRESENTATION_CONTEXT ( 3 ) GLOBAL_UNCERTAINTY_ASSIGNED_CONTEXT ( ( #1010 ) ) GLOBAL_UNIT_ASSIGNED_CONTEXT ( ( #976, #860, #231 ) ) REPRESENTATION_CONTEXT ( 'NONE', 'WORKASPACE' ) );
#1536 = FACE_OUTER_BOUND ( 'NONE', #734, .T. ) ;
#1537 = VECTOR ( 'NONE', #244, 1000.000000000000000 ) ;
#1538 = CARTESIAN_POINT ( 'NONE',  ( 17.00000000000000000, 4.999999999999999100, 25.22182540694795300 ) ) ;
#1539 = ORIENTED_EDGE ( 'NONE', *, *, #1581, .F. ) ;
#1540 = EDGE_CURVE ( 'NONE', #1351, #1351, #513, .T. ) ;
#1541 = VERTEX_POINT ( 'NONE', #964 ) ;
#1542 = CARTESIAN_POINT ( 'NONE',  ( -17.00000000000000000, 51.00000000000000000, 7.999999999999986700 ) ) ;
#1543 = AXIS2_PLACEMENT_3D ( 'NONE', #304, #1040, #290 ) ;
#1544 = VERTEX_POINT ( 'NONE', #319 ) ;
#1545 = VERTEX_POINT ( 'NONE', #83 ) ;
#1546 =( GEOMETRIC_REPRESENTATION_CONTEXT ( 3 ) GLOBAL_UNCERTAINTY_ASSIGNED_CONTEXT ( ( #920 ) ) GLOBAL_UNIT_ASSIGNED_CONTEXT ( ( #865, #1102, #615 ) ) REPRESENTATION_CONTEXT ( 'NONE', 'WORKASPACE' ) );
#1547 = DIRECTION ( 'NONE',  ( 1.000000000000000000, 0.0000000000000000000, -0.0000000000000000000 ) ) ;
#1548 = CARTESIAN_POINT ( 'NONE',  ( -17.00000000000000000, 11.99999999999999800, 12.00000000000000000 ) ) ;
#1549 = CARTESIAN_POINT ( 'NONE',  ( 10.00000000000000000, 41.00000000000000000, -2.789279495308411000E-015 ) ) ;
#1550 = EDGE_CURVE ( 'NONE', #284, #161, #237, .T. ) ;
#1551 = CALENDAR_DATE ( 2026, 27, 5 ) ;
#1552 = CARTESIAN_POINT ( 'NONE',  ( -17.00000000000000000, -1.224646799147362300E-016, 1.000000000000006900 ) ) ;
#1553 = LINE ( 'NONE', #211, #278 ) ;
#1554 = SECURITY_CLASSIFICATION ( '', '', #761 ) ;
#1555 = CIRCLE ( 'NONE', #875, 1.999999999999997300 ) ;
#1556 = CIRCLE ( 'NONE', #1230, 4.499999999999997300 ) ;
#1557 = DIRECTION ( 'NONE',  ( -0.0000000000000000000, -0.0000000000000000000, 1.000000000000000000 ) ) ;
#1558 = DIRECTION ( 'NONE',  ( 0.0000000000000000000, 0.0000000000000000000, -1.000000000000000000 ) ) ;
#1559 = VERTEX_POINT ( 'NONE', #576 ) ;
#1560 = ORIENTED_EDGE ( 'NONE', *, *, #530, .F. ) ;
#1561 = EDGE_CURVE ( 'NONE', #684, #1287, #196, .T. ) ;
#1562 = CARTESIAN_POINT ( 'NONE',  ( 17.00000000000000000, 49.99999999999998600, -3.401418580346680100E-015 ) ) ;
#1563 = ORIENTED_EDGE ( 'NONE', *, *, #81, .F. ) ;
#1564 = AXIS2_PLACEMENT_3D ( 'NONE', #1233, #592, #857 ) ;
#1565 = ADVANCED_FACE ( 'NONE', ( #614 ), #1339, .T. ) ;
#1566 = CARTESIAN_POINT ( 'NONE',  ( -17.00000000000000000, 1.000000000000000900, 50.99999999999999300 ) ) ;
#1567 = LOCAL_TIME ( 16, 48, 44.00000000000000000, #1401 ) ;
#1568 = LOCAL_TIME ( 16, 48, 44.00000000000000000, #1404 ) ;
#1569 = SHAPE_DEFINITION_REPRESENTATION ( #1195, #1160 ) ;
#1570 = CARTESIAN_POINT ( 'NONE',  ( 17.00000000000000000, 9.999999999999994700, 31.41421356237308200 ) ) ;
#1571 = DIRECTION ( 'NONE',  ( -0.0000000000000000000, -1.000000000000000000, -0.0000000000000000000 ) ) ;
#1572 = ADVANCED_FACE ( 'NONE', ( #674 ), #1610, .T. ) ;
#1573 = EDGE_CURVE ( 'NONE', #1545, #838, #103, .T. ) ;
#1574 = VECTOR ( 'NONE', #898, 1000.000000000000000 ) ;
#1575 = CARTESIAN_POINT ( 'NONE',  ( 17.00100000000000100, 12.00000000000000200, 6.000000000000001800 ) ) ;
#1576 = FACE_OUTER_BOUND ( 'NONE', #94, .T. ) ;
#1577 = EDGE_LOOP ( 'NONE', ( #1067, #719, #31, #797 ) ) ;
#1578 = ORIENTED_EDGE ( 'NONE', *, *, #1288, .F. ) ;
#1579 = VERTEX_POINT ( 'NONE', #1209 ) ;
#1580 = ORIENTED_EDGE ( 'NONE', *, *, #1114, .T. ) ;
#1581 = EDGE_CURVE ( 'NONE', #1415, #684, #908, .T. ) ;
#1582 = ORIENTED_EDGE ( 'NONE', *, *, #1296, .F. ) ;
#1583 = DIRECTION ( 'NONE',  ( 0.0000000000000000000, 1.000000000000000000, 1.866720552071837500E-016 ) ) ;
#1584 = AXIS2_PLACEMENT_3D ( 'NONE', #1575, #79, #1071 ) ;
#1585 = DIRECTION ( 'NONE',  ( -1.000000000000000000, -0.0000000000000000000, -0.0000000000000000000 ) ) ;
#1586 = DIRECTION ( 'NONE',  ( 0.0000000000000000000, 0.0000000000000000000, 1.000000000000000000 ) ) ;
#1587 = PLANE ( 'NONE',  #1584 ) ;
#1588 = VERTEX_POINT ( 'NONE', #1352 ) ;
#1589 = EDGE_CURVE ( 'NONE', #54, #1336, #404, .T. ) ;
#1590 = LINE ( 'NONE', #298, #1221 ) ;
#1591 = FACE_BOUND ( 'NONE', #302, .T. ) ;
#1592 = LINE ( 'NONE', #1090, #104 ) ;
#1593 = APPROVAL_ROLE ( '' ) ;
#1594 = AXIS2_PLACEMENT_3D ( 'NONE', #624, #1490, #605 ) ;
#1595 = LINE ( 'NONE', #131, #198 ) ;
#1596 = CARTESIAN_POINT ( 'NONE',  ( -16.66868360843633900, 12.38416331643408500, 14.13503298786076800 ) ) ;
#1597 = FACE_OUTER_BOUND ( 'NONE', #1096, .T. ) ;
#1598 = ORIENTED_EDGE ( 'NONE', *, *, #962, .T. ) ;
#1599 = VERTEX_POINT ( 'NONE', #989 ) ;
#1600 = DIRECTION ( 'NONE',  ( 1.000000000000000000, 0.0000000000000000000, 0.0000000000000000000 ) ) ;
#1601 = EDGE_LOOP ( 'NONE', ( #1522, #1129, #1154, #1011 ) ) ;
#1602 = CARTESIAN_POINT ( 'NONE',  ( 17.00000000000000000, 12.54400000000000000, 15.96283534858565100 ) ) ;
#1603 = ORIENTED_EDGE ( 'NONE', *, *, #1052, .F. ) ;
#1604 = AXIS2_PLACEMENT_3D ( 'NONE', #771, #787, #276 ) ;
#1605 = CARTESIAN_POINT ( 'NONE',  ( -7.249999999999999100, 41.00000000000000000, 9.000000000000003600 ) ) ;
#1606 = ADVANCED_FACE ( 'NONE', ( #63 ), #1406, .F. ) ;
#1607 = DIRECTION ( 'NONE',  ( 0.0000000000000000000, 0.0000000000000000000, 1.000000000000000000 ) ) ;
#1608 = ITEM_DEFINED_TRANSFORMATION ( 'NONE', 'NONE', #422,  #152 ) ;
#1609 = CALENDAR_DATE ( 2026, 27, 5 ) ;
#1610 = CYLINDRICAL_SURFACE ( 'NONE', #239, 1.000000000000000900 ) ;
#1611 = DIRECTION ( 'NONE',  ( -1.000000000000000000, 0.0000000000000000000, 0.0000000000000000000 ) ) ;
#1612 = DIRECTION ( 'NONE',  ( -1.000000000000000000, 0.0000000000000000000, 0.0000000000000000000 ) ) ;
#1613 = DIRECTION ( 'NONE',  ( 0.0000000000000000000, -1.866552603767656400E-016, 1.000000000000000000 ) ) ;
#1614 = LINE ( 'NONE', #1303, #1203 ) ;
#1615 = FACE_OUTER_BOUND ( 'NONE', #1033, .T. ) ;
#1616 = VERTEX_POINT ( 'NONE', #978 ) ;
#1617 = CARTESIAN_POINT ( 'NONE',  ( 0.0000000000000000000, 0.0000000000000000000, 0.0000000000000000000 ) ) ;
#1618 = CARTESIAN_POINT ( 'NONE',  ( -16.59999999999999800, 11.99999999999999800, 12.00000000000000000 ) ) ;
#1619 = EDGE_LOOP ( 'NONE', ( #565, #71, #207, #1208 ) ) ;
#1620 = VERTEX_POINT ( 'NONE', #722 ) ;
#1621 = DIRECTION ( 'NONE',  ( -1.000000000000000000, -0.0000000000000000000, -0.0000000000000000000 ) ) ;
#1622 = CARTESIAN_POINT ( 'NONE',  ( 10.00000000000000000, 8.999999999999992900, 41.00000000000000000 ) ) ;
#1623 = NEXT_ASSEMBLY_USAGE_OCCURRENCE ( 'NAUO1', ' ', ' ', #960, #413, $ ) ;
ENDSEC;
END-ISO-10303-21;
